<b>[Разгон (Основы ML)] Задача 1. Train/val/test split</b><br><br><p>Датасет содержит 5000 образцов. Разделите выборку на Train, Validation и Test в пропорции 60% / 20% / 20%.</p>	<p>Train: $5000 \times 0.60 = 3000$ объектов.</p> <p>Validation: $5000 \times 0.20 = 1000$ объектов.</p> <p>Test: $5000 \times 0.20 = 1000$ объектов.</p> <p>Контроль: $3000 + 1000 + 1000 = 5000$ ✓.</p>	AI_Course Block_A Microtask Ticket_00
<b>[Разгон (Основы ML)] Задача 2. Расчёт числа итераций и эпох</b><br><br><p>Выборка $N = 8000$, батч $B = 32$, эпох $E = 50$. Найдите число итераций за эпоху и суммарно шагов.</p>	<p>1. Итераций за эпоху: $K = \dfrac{N}{B} = \dfrac{8000}{32} = 250$.</p> <p>2. Суммарно шагов: $N_{\text{total}} = 250 \times 50 = 12\,500$.</p>	AI_Course Block_A Microtask Ticket_00
<b>[Разгон (Основы ML)] Задача 3. Расчёт метрик по Confusion Matrix</b><br><br><p>Дано: $\text{TP} = 40, \text{FP} = 5, \text{FN} = 10, \text{TN} = 45$. Вычислите Accuracy, Precision, Recall и F1-score.</p>	<p>$\text{Accuracy} = \dfrac{40 + 45}{100} = 0.85 = 85\%$</p> <p>$\text{Precision} = \dfrac{40}{40 + 5} = \dfrac{40}{45} \approx 88.89\%$</p> <p>$\text{Recall} = \dfrac{40}{40 + 10} = \dfrac{40}{50} = 80.0\%$</p> <p>$F_1 = \dfrac{2 \cdot 0.8889 \cdot 0.80}{0.8889 + 0.80} \approx 84.21\%$</p>	AI_Course Block_A Microtask Ticket_00
<b>[Разгон (Основы ML)] Задача 4. Анализ тривиального классификатора при дисбалансе</b><br><br><p>Выборка: 900 объектов класса 0 и 100 класса 1. Модель константно выдаёт 0. Найдите Accuracy и Recall класса 1.</p>	<p>$\text{TP} = 0, \text{FP} = 0, \text{FN} = 100, \text{TN} = 900$.</p> <p>$\text{Accuracy} = \dfrac{0 + 900}{1000} = 90\%$ (иллюзия качества).</p> <p>$\text{Recall}_{\text{class 1}} = \dfrac{0}{0 + 100} = 0\%$ (пропущены все целевые события).</p>	AI_Course Block_A Microtask Ticket_00
<b>[Разгон (Основы ML)] Задача 5. Сравнение робастности MSE и MAE к выбросу</b><br><br><p>Истинные $y = [1, 2, 3, 4, 100]$, предсказания $\hat{y} = [2, 2, 3, 4, 50]$, ошибки $e = [-1, 0, 0, 0, 50]$. Рассчитайте MSE и MAE.</p>	<p>$\text{MSE} = \dfrac{(-1)^2 + 0 + 0 + 0 + 50^2}{5} = \dfrac{2501}{5} = 500.2$</p> <p>$\text{MAE} = \dfrac{|-1| + 0 + 0 + 0 + |50|}{5} = \dfrac{51}{5} = 10.2$</p> <p><strong>Вывод:</strong> MSE чувствителен к выбросу ($50^2 = 2500$); MAE робастна.</p>	AI_Course Block_A Microtask Ticket_00
<b>[Разгон (Основы ML)] Задача 6. Анализ шага градиентного спуска при разном learning rate</b><br><br><p>$L(\theta) = (\theta - 5)^2$, $\theta_0 = 0$, $\nabla L(0) = -10$. Найдите $\theta_1$ при $\eta = 0.1$ и $\eta = 1.0$.</p>	<p>1. При $\eta = 0.1$: $\theta_1 = 0 - 0.1 \cdot (-10) = 1.0$ ($L(1) = 16 < 25$, сходимость).</p> <p>2. При $\eta = 1.0$: $\theta_1 = 0 - 1.0 \cdot (-10) = 10.0$ ($L(10) = 25 = L(0)$, осцилляция).</p>	AI_Course Block_A Microtask Ticket_00
<b>[Билет 1: Полносвязные сети, Активации, Backprop] Задача 1. Прямой проход одиночного нейрона с Sigmoid</b><br><br><p>Веса $w = [0.5, -0.6]^\top$, $b = 0.1$, активация Sigmoid. Вход $x = [2.0, 1.0]^\top$. Найдите $z$ и $a$.</p>	<p>1. Предактивация: $z = 0.5(2.0) + (-0.6)(1.0) + 0.1 = 1.0 - 0.6 + 0.1 = 0.5$.</p> <p>2. Активация: $a = \sigma(0.5) = \dfrac{1}{1 + e^{-0.5}} \approx \dfrac{1}{1 + 0.6065} \approx 0.6225$.</p>	AI_Course Block_A Microtask Ticket_01
<b>[Билет 1: Полносвязные сети, Активации, Backprop] Задача 2. Вычисление производных функций активации в нуле</b><br><br><p>Найдите значения производных $\sigma'(0)$ и $\tanh'(0)$. Сравните их величину.</p>	<p>1. $\sigma(0) = 0.5 \implies \sigma'(0) = 0.5(1 - 0.5) = 0.25$.</p> <p>2. $\tanh(0) = 0 \implies \tanh'(0) = 1 - 0^2 = 1.0$.</p> <p><strong>Вывод:</strong> Градиент Tanh в нуле в 4 раза выше ($\frac{1.0}{0.25}=4$), ускоряя сходимость.</p>	AI_Course Block_A Microtask Ticket_01
<b>[Билет 1: Полносвязные сети, Активации, Backprop] Задача 3. Подсчёт обучаемых параметров в 3-слойном MLP</b><br><br><p>MLP: вход $n_0 = 784$, скрытые слои $n_1 = 256$, $n_2 = 128$, выход $n_3 = 10$. Все слои с bias. Найдите общее число параметров.</p>	<p>Слой 1: $256 \times 784 + 256 = 200\,960$.</p> <p>Слой 2: $128 \times 256 + 128 = 32\,896$.</p> <p>Слой 3: $10 \times 128 + 10 = 1290$.</p> <p><strong>Всего:</strong> $200\,960 + 32\,896 + 1290 = 235\,146$ параметров.</p>	AI_Course Block_A Microtask Ticket_01
<b>[Билет 1: Полносвязные сети, Активации, Backprop] Задача 4. Градиент весов выходного слоя при MSE</b><br><br><p>Выход $\hat{y} = 2.4$, истина $y = 3.0$, активации входа $a^{L-1} = [0.5, 1.2]^\top$, $L = \frac{1}{2}(\hat{y}-y)^2$. Найдите $\frac{\partial L}{\partial W^L}$.</p>	<p>1. Ошибка выхода: $\delta^L = \hat{y} - y = 2.4 - 3.0 = -0.6$.</p> <p>2. Градиент: $\frac{\partial L}{\partial W^L} = \delta^L (a^{L-1})^\top = -0.6 \cdot [0.5, 1.2] = [-0.30, -0.72]$.</p>	AI_Course Block_A Microtask Ticket_01
<b>[Билет 1: Полносвязные сети, Активации, Backprop] Задача 5. Расчёт дисперсий инициализации Xavier и He</b><br><br><p>Слой имеет $n_{in} = 100$ и $n_{out} = 50$. Найдите $\sigma^2_W$ для Xavier и He.</p>	<p>1. Xavier: $\sigma^2_W = \dfrac{2}{n_{in} + n_{out}} = \dfrac{2}{150} \approx 0.01333$ ($\sigma \approx 0.1155$).</p> <p>2. He: $\sigma^2_W = \dfrac{2}{n_{in}} = \dfrac{2}{100} = 0.02000$ ($\sigma \approx 0.1414$).</p>	AI_Course Block_A Microtask Ticket_01
<b>[Билет 1: Полносвязные сети, Активации, Backprop] Задача 6. Аналитические веса двухслойной сети для решения XOR</b><br><br><p>Задайте веса двухслойной сети с порогом $g(z) = \mathbb{I}(z \ge 0)$, вычисляющей $\text{XOR}(x_1, x_2)$ для входов $\{0, 1\}$.</p>	<p>Скрытый слой: $h_1 = g(x_1 + x_2 - 0.5)$ (OR), $h_2 = g(x_1 + x_2 - 1.5)$ (AND).</p> <p>Выходной слой: $y = g(h_1 - 2h_2 - 0.5)$.</p> <p>Проверка: $(0,0)\to 0$; $(1,0)\to 1$; $(0,1)\to 1$; $(1,1)\to g(1-2-0.5)=0$ ✓.</p>	AI_Course Block_A Microtask Ticket_01
<b>[Билет 2: Автодифференцирование, PINN] Задача 1. Вычисление производной через дуальные числа</b><br><br><p>Найдите значение и производную функции $f(x) = x^3 + 2x$ в точке $x = 3.0$ с помощью дуальных чисел ($v = a + b\epsilon, \epsilon^2=0$).</p>	<p>Подставим $x = 3 + 1\epsilon$:</p> <p>$x^3 = (3 + \epsilon)^3 = 27 + 27\epsilon$, $\quad 2x = 6 + 2\epsilon$.</p> <p>$f(3 + \epsilon) = 33 + 29\epsilon \implies f(3) = 33.0, \; f'(3) = 29.0$ ✓.</p>	AI_Course Block_A Microtask Ticket_02
<b>[Билет 2: Автодифференцирование, PINN] Задача 2. Выбор режима дифференцирования по размерности</b><br><br><p>Выберите режим (Forward/Reverse): (А) $\mathcal{L}: \mathbb{R}^{10^6} \to \mathbb{R}$; (Б) $F: \mathbb{R}^2 \to \mathbb{R}^{1000}$.</p>	<p>1. Сценарий А ($n_{in} = 10^6, n_{out} = 1$): $n_{in} \gg n_{out}$. <strong>Выбор: Reverse-mode (1 проход).</strong></p> <p>2. Сценарий Б ($n_{in} = 2, n_{out} = 1000$): $n_{in} \ll n_{out}$. <strong>Выбор: Forward-mode (2 прохода).</strong></p>	AI_Course Block_A Microtask Ticket_02
<b>[Билет 2: Автодифференцирование, PINN] Задача 3. Ручной расчёт невязки уравнения Пуассона</b><br><br><p>Уравнение $\Delta u = \frac{\partial^2 u}{\partial x^2} + \frac{\partial^2 u}{\partial y^2} = -2\pi^2 \sin(\pi x)\sin(\pi y)$. Проверьте невязку для $\hat{u} = \sin(\pi x)\sin(\pi y)$.</p>	<p>$\frac{\partial^2 \hat{u}}{\partial x^2} = -\pi^2 \sin(\pi x)\sin(\pi y)$, $\quad \frac{\partial^2 \hat{u}}{\partial y^2} = -\pi^2 \sin(\pi x)\sin(\pi y)$.</p> <p>$\Delta \hat{u} = -2\pi^2 \sin(\pi x)\sin(\pi y) \implies R(x, y) = \Delta \hat{u} - f(x, y) \equiv 0$ ✓.</p>	AI_Course Block_A Microtask Ticket_02
<b>[Билет 2: Автодифференцирование, PINN] Задача 4. Обратный проход графа для экспоненциальной функции</b><br><br><p>Найдите $\bar{x}, \bar{y}$ в Reverse-mode для $f(x, y) = x y + e^x$ в точке $x = 0.0, y = 5.0$.</p>	<p>Forward: $v_1 = 0, v_2 = 5, v_3 = v_1 v_2 = 0, v_4 = e^{v_1} = 1, v_5 = v_3 + v_4 = 1$.</p> <p>Reverse ($\bar{v}_5 = 1$): $\bar{v}_4 = 1, \bar{v}_3 = 1$.</p> <p>$\bar{y} = \bar{v}_2 = \bar{v}_3 v_1 = 1.0 \cdot 0.0 = 0.0 \implies \frac{\partial f}{\partial y} = 0.0$.</p> <p>$\bar{x} = \bar{v}_1 = \bar{v}_3 v_2 + \bar{v}_4 e^{v_1} = 1(5) + 1(1) = 6.0 \implies \frac{\partial f}{\partial x} = 6.0$.</p>	AI_Course Block_A Microtask Ticket_02
<b>[Билет 2: Автодифференцирование, PINN] Задача 5. Анализ зануления второй производной ReLU</b><br><br><p>Покажите, что для $u(x) = \text{ReLU}(w x + b)$ вторая производная $u''(x) \equiv 0$ почти всюду, и объясните невозможность решения $u''(x) + u(x) = 0$.</p>	<p>1. При $wx+b > 0$: $u' = w \implies u'' = 0$. При $wx+b < 0$: $u' = 0 \implies u'' = 0$.</p> <p>2. Невязка $u'' + u = 0 + u = u = 0$ сводит сеть к тривиальному решению $u \equiv 0$, теряя гармонические моды $\sin(x), \cos(x)$.</p>	AI_Course Block_A Microtask Ticket_02
<b>[Билет 2: Автодифференцирование, PINN] Задача 6. Градиент невязки PINN по параметру ДУ</b><br><br><p>Уравнение $\frac{du}{dt} + k u = 0$. При $t=1$: $\hat{u} = 2.0, \frac{d\hat{u}}{dt} = -1.6, k = 0.5$. Найдите $\frac{\partial \mathcal{L}_{\text{PDE}}}{\partial k}$ для $\mathcal{L}_{\text{PDE}} = R^2$.</p>	<p>1. Невязка: $R = -1.6 + 0.5(2.0) = -0.6$.</p> <p>2. Производная $\frac{\partial R}{\partial k} = \hat{u} = 2.0$.</p> <p>3. Градиент: $\frac{\partial \mathcal{L}_{\text{PDE}}}{\partial k} = 2 R \frac{\partial R}{\partial k} = 2(-0.6)(2.0) = -2.4$.</p>	AI_Course Block_A Microtask Ticket_02
<b>[Билет 3: Loss-функции, MLE, MAP / L2] Задача 1. Расчёт Negative Log-Likelihood для нормального распределения</b><br><br><p>Замеры $y = [2.0, 3.0, 4.0]$, предсказание $\mu = 3.0$, $\sigma^2 = 1.0$. Вычислите NLL выборки.</p>	<p>1. Сумма квадратов: $(2-3)^2 + (3-3)^2 + (4-3)^2 = 2.0$.</p> <p>2. Нормировка: $\dfrac{3}{2}\ln(2\pi) \approx 1.5 \cdot 1.8379 = 2.7568$.</p> <p>3. $\text{NLL} = 2.7568 + \dfrac{2.0}{2 \cdot 1.0} = 3.7568$.</p>	AI_Course Block_A Microtask Ticket_03
<b>[Билет 3: Loss-функции, MLE, MAP / L2] Задача 2. Ручной расчёт Binary Cross-Entropy</b><br><br><p>Метки $y = [1, 0, 1]$, вероятности $\hat{p} = [0.90, 0.20, 0.40]$. Рассчитайте средний BCE.</p>	<p>$\ell_1 = -\ln(0.90) \approx 0.1054$, $\quad \ell_2 = -\ln(0.80) \approx 0.2231$, $\quad \ell_3 = -\ln(0.40) \approx 0.9163$.</p> <p>$\mathcal{L}_{\text{BCE}} = \dfrac{0.1054 + 0.2231 + 0.9163}{3} \approx 0.4149$.</p>	AI_Course Block_A Microtask Ticket_03
<b>[Билет 3: Loss-функции, MLE, MAP / L2] Задача 3. Градиент связки Softmax + Cross-Entropy</b><br><br><p>Истинный класс $y = [0, 1, 0]^\top$, логиты $z = [1.0, 2.0, 0.0]^\top$. Вычислите $\hat{p}$ и $\frac{\partial \mathcal{L}}{\partial z}$.</p>	<p>1. $e^1 \approx 2.7183, e^2 \approx 7.3891, e^0 = 1.0 \implies \sum = 11.1074$.</p> <p>2. $\hat{p} = [0.2447, 0.6652, 0.0900]^\top$.</p> <p>3. $\frac{\partial \mathcal{L}}{\partial z} = \hat{p} - y = [0.2447, -0.3348, 0.0900]^\top$.</p>	AI_Course Block_A Microtask Ticket_03
<b>[Билет 3: Loss-функции, MLE, MAP / L2] Задача 4. Численный расчёт весов Focal Loss</b><br><br><p>При $\gamma = 2.0$ найдите отношение весов $\text{FL}(0.10) / \text{FL}(0.90)$.</p>	<p>$\text{FL}(0.10) = 0.9^2 (-\ln 0.1) = 0.81 \cdot 2.3026 \approx 1.8651$.</p> <p>$\text{FL}(0.90) = 0.1^2 (-\ln 0.9) = 0.01 \cdot 0.1054 \approx 0.001054$.</p> <p>Отношение: $\dfrac{1.8651}{0.001054} \approx 1769.5$ (градиент сложного объекта усилен в 1770 раз).</p>	AI_Course Block_A Microtask Ticket_03
<b>[Билет 3: Loss-функции, MLE, MAP / L2] Задача 5. Связь коэффициента L2-регуляризации с дисперсией априора</b><br><br><p>Шум данных $\sigma^2 = 2.0$, априор $w \sim \mathcal{N}(0, \sigma_w^2 I)$ с $\sigma_w^2 = 0.5$. Найдите $\lambda = \frac{\sigma^2}{\sigma_w^2}$.</p>	<p>Из вывода MAP: $\lambda = \dfrac{\sigma^2}{\sigma_w^2} = \dfrac{2.0}{0.5} = 4.0$.</p>	AI_Course Block_A Microtask Ticket_03
<b>[Билет 3: Loss-функции, MLE, MAP / L2] Задача 6. Расчёт потерь Huber Loss</b><br><br><p>Найдите Huber Loss при $\delta = 1.0$ для ошибок $e_1 = 0.40$ и $e_2 = 3.00$.</p>	<p>1. Для $e_1 = 0.40 \le 1.0$: $L = \frac{1}{2}(0.40)^2 = 0.08$.</p> <p>2. Для $e_2 = 3.00 > 1.0$: $L = 1.0 \cdot (3.00 - 0.5) = 2.50$ (против $4.50$ в MSE).</p>	AI_Course Block_A Microtask Ticket_03
<b>[Билет 4: Слои свёрточных сетей] Задача 1. Расчёт пространственного размера выхода свёрточного слоя</b><br><br><p>$H_{in} \times W_{in} = 224 \times 224$, ядро $K = 7$, stride $S = 2$, padding $P = 3$. Найдите размерность $H_{out} \times W_{out}$.</p>	<p>$H_{out} = \left\lfloor \dfrac{224 - 7 + 2(3)}{2} \right\rfloor + 1 = \left\lfloor \dfrac{223}{2} \right\rfloor + 1 = 111 + 1 = 112$.</p> <p><strong>Результат:</strong> $112 \times 112$.</p>	AI_Course Block_A Microtask Ticket_04
<b>[Билет 4: Слои свёрточных сетей] Задача 2. Подсчёт параметров слоёв Conv2d</b><br><br><p>Найдите число параметров: (А) `Conv2d(3, 64, 3, bias=True)`; (Б) `Conv2d(64, 128, 3, bias=False)`.</p>	<p>1. Слой А: $(3 \cdot 3 \cdot 3 + 1) \cdot 64 = 28 \cdot 64 = 1792$ параметров.</p> <p>2. Слой Б: $3 \cdot 3 \cdot 64 \cdot 128 = 9 \cdot 8192 = 73\,728$ параметров.</p>	AI_Course Block_A Microtask Ticket_04
<b>[Билет 4: Слои свёрточных сетей] Задача 3. Расчёт рецептивного поля стека свёрток</b><br><br><p>Стек из трёх последовательных слоёв $3\times3$ со stride $S=1$. Найдите итоговое $RF_3$.</p>	<p>$RF_1 = 1 + (3-1) \cdot 1 = 3, \quad J_1 = 1$.</p> <p>$RF_2 = 3 + (3-1) \cdot 1 = 5, \quad J_2 = 1$.</p> <p>$RF_3 = 5 + (3-1) \cdot 1 = 7 \implies RF = 7 \times 7$.</p>	AI_Course Block_A Microtask Ticket_04
<b>[Билет 4: Слои свёрточных сетей] Задача 4. Ручной расчёт слоя MaxPooling</b><br><br><p>Примените `MaxPool2d` ($2\times2, S=2$) к матрице $4\times4$:</p> <div class="math-scroll-wrapper">$$ M = \begin{bmatrix} 9 & 2 & 3 & 4 \\ 1 & 8 & 5 & 0 \\ 4 & 7 & 1 & 2 \\ 3 & 6 & 8 & 5 \end{bmatrix} $$</div>	<p>Верх-лево: $\max(9,2,1,8) = 9$; Верх-право: $\max(3,4,5,0) = 5$.</p> <p>Низ-лево: $\max(4,7,3,6) = 7$; Низ-право: $\max(1,2,8,5) = 8$.</p> <p><strong>Результат:</strong> $\begin{bmatrix} 9 & 5 \\ 7 & 8 \end{bmatrix}$.</p>	AI_Course Block_A Microtask Ticket_04
<b>[Билет 4: Слои свёрточных сетей] Задача 5. Нормализация вектора через Batch Normalization</b><br><br><p>Вход $x = [2.0, 4.0, 6.0, 8.0]$, $\gamma = 2.0, \beta = 1.0, \epsilon = 0$. Вычислите выход $y$.</p>	<p>1. $\mu_B = \dfrac{2+4+6+8}{4} = 5.0$, $\quad \sigma_B^2 = \dfrac{9+1+1+9}{4} = 5.0$, $\quad \sigma_B = \sqrt{5} \approx 2.2361$.</p> <p>2. $\hat{x} \approx [-1.3416, -0.4472, 0.4472, 1.3416]$.</p> <p>3. $y_i = 2\hat{x}_i + 1 \approx [-1.6832, 0.1056, 1.8944, 3.6832]$.</p>	AI_Course Block_A Microtask Ticket_04
<b>[Билет 4: Слои свёрточных сетей] Задача 6. Сравнение параметров Depthwise Separable и Standard Conv</b><br><br><p>$C_{in} = 128, C_{out} = 256, K = 3$. Найдите число параметров для стандартной и Depthwise Separable свёртки.</p>	<p>1. Стандартная: $3 \times 3 \times 128 \times 256 = 294\,912$ весов.</p> <p>2. DW-Sep: $(3 \times 3 \times 128) + (1 \times 1 \times 128 \times 256) = 1152 + 32\,768 = 33\,920$ весов.</p> <p><strong>Экономия:</strong> $\dfrac{294\,912}{33\,920} \approx 8.69$ раза ($88.5\%$ экономии).</p>	AI_Course Block_A Microtask Ticket_04
<b>[Билет 4: Слои свёрточных сетей] Задача 7. Вычисление эффективного ядра Dilated Conv</b><br><br><p>Ядро $K = 3$, dilation rate $D = 3$. Найдите $K_{eff}$ и число промежуточных нулей.</p>	<p>1. Число нулей между весами: $D - 1 = 3 - 1 = 2$.</p> <p>2. $K_{eff} = 3 + (3-1)(3-1) = 3 + 4 = 7$ (окно $7 \times 7$ при 9 весах).</p>	AI_Course Block_A Microtask Ticket_04
<b>[Билет 5: Архитектуры CNN, Transfer Learning] Задача 1. Подсчёт параметров VGG-16 vs ResNet-50</b><br><br><p>Сравните параметры классификатора VGG-16 (два FC по 4096 на $7\times7\times512$) и ResNet-50 (GAP + FC на 2048 каналов) для $K=1000$ классов.</p>	<p>1. VGG-16 FC: $25\,088 \times 4096 + 4096 \times 4096 + 4096 \times 1000 \approx 123.6$ млн параметров.</p> <p>2. ResNet-50 GAP + FC: GAP = $0$, FC = $2048 \times 1000 \approx 2.05$ млн параметров.</p> <p><strong>Вывод:</strong> GAP снижает параметры классификатора в <strong>60 раз</strong>.</p>	AI_Course Block_A Microtask Ticket_05
<b>[Билет 5: Архитектуры CNN, Transfer Learning] Задача 2. Рецептивное поле трёх слоёв 3×3</b><br><br><p>Слои с ядрами $K_1=K_2=K_3=3$ и шагами $S_1=1, S_2=2, S_3=1$. Вычислите итоговое $RF_3$.</p>	<p>Слой 1: $RF_1 = 1 + (3-1) \cdot 1 = 3, \quad J_1 = 1$.</p> <p>Слой 2: $RF_2 = 3 + (3-1) \cdot 1 = 5, \quad J_2 = 2$.</p> <p>Слой 3: $RF_3 = 5 + (3-1) \cdot 2 = 9 \implies RF = 9 \times 9$.</p>	AI_Course Block_A Microtask Ticket_05
<b>[Билет 5: Архитектуры CNN, Transfer Learning] Задача 3. Экономия вычислений в Depthwise Separable свёртке</b><br><br><p>$C_{in}=128, C_{out}=256$, ядро $3\times3$. Рассчитайте коэффициент ускорения Depthwise Separable свёртки.</p>	<p>$\dfrac{\text{FLOPs}_{\text{sep}}}{\text{FLOPs}_{\text{std}}} = \dfrac{1}{256} + \dfrac{1}{9} \approx 0.0039 + 0.1111 = 0.1150$.</p> <p>Коэффициент ускорения: $\dfrac{1}{0.1150} \approx 8.7$ раза.</p>	AI_Course Block_A Microtask Ticket_05
<b>[Билет 5: Архитектуры CNN, Transfer Learning] Задача 4. Выбор стратегии Transfer Learning</b><br><br><p>Датасет из 200 снимков МРТ для бинарной классификации. Выберите режим Transfer Learning и объясните риск fine-tuning.</p>	<p><strong>Выбор:</strong> Feature Extraction на предобученном ResNet (обучение только головы / SVM на признаках layer3/layer4) с аугментацией.</p> <p><strong>Риск Fine-Tuning:</strong> При 200 снимках 25 млн параметров сети мгновенно переобучатся, стерев полезные веса ImageNet.</p>	AI_Course Block_A Microtask Ticket_05
<b>[Билет 5: Архитектуры CNN, Transfer Learning] Задача 5. Расчёт размерности выхода при Strided проекции в ResNet</b><br><br><p>Вход $28 \times 28 \times 128$. Блок содержит две свёртки $3\times3$ со stride $S=2$ в первой и $C_{out}=256$. Что должно быть на shortcut?</p>	<p>1. Основная ветка выдаёт размер $14 \times 14 \times 256$.</p> <p>2. Shortcut обязан содержать проекционный слой: свёртку $1\times1$ со stride $S=2$, 256 фильтрами и BatchNorm, приводящую вход к $14 \times 14 \times 256$.</p>	AI_Course Block_A Microtask Ticket_05
<b>[Билет 5: Архитектуры CNN, Transfer Learning] Задача 6. Масштабирование EfficientNet при $\phi = 1$</b><br><br><p>EfficientNet-B0: глубина $d=16$, ширина $w=32$, разрешение $r=224$. При $\alpha=1.2, \beta=1.1, \gamma=1.15$ найдите параметры B1 ($\phi=1$).</p>	<p>Глубина: $d_{B1} = 16 \times 1.2 = 19.2 \approx 19$ слоёв.</p> <p>Ширина: $w_{B1} = 32 \times 1.1 = 35.2 \approx 36$ каналов.</p> <p>Разрешение: $r_{B1} = 224 \times 1.15 = 257.6 \approx 256 \times 256$ пикселей.</p> <p>Рост вычислений: $1.2 \times 1.1^2 \times 1.15^2 \approx 1.92 \approx 2\times$ FLOPs.</p>	AI_Course Block_A Microtask Ticket_05
<b>[Билет 6: Оптимизаторы: SGD, Momentum, Adam, Матричные производные] Задача 1. Шаг SGD с Momentum на одномерной функции</b><br><br><p>$L(\theta) = 3\theta^2, \theta_0 = 1.0, v_0 = 0.5, \gamma = 0.9, \eta = 0.05$. Найдите $v_1$ и $\theta_1$.</p>	<p>1. Градиент: $g_0 = 6 \cdot 1.0 = 6.0$.</p> <p>2. Скорость: $v_1 = 0.9(0.5) + 0.05(6.0) = 0.45 + 0.30 = 0.75$.</p> <p>3. Позиция: $\theta_1 = 1.0 - 0.75 = 0.25$.</p>	AI_Course Block_A Microtask Ticket_06
<b>[Билет 6: Оптимизаторы: SGD, Momentum, Adam, Матричные производные] Задача 2. Адаптивный шаг RMSProp при резком росте градиента</b><br><br><p>$v_0 = 0.01, g_1 = 10.0, \beta = 0.9, \eta = 0.01, \epsilon = 10^{-8}$. Найдите эффективный шаг $\Delta \theta_1$.</p>	<p>1. $v_1 = 0.9(0.01) + 0.1(100) = 10.009$.</p> <p>2. $\Delta \theta_1 = \dfrac{0.01}{\sqrt{10.009}} \cdot 10.0 \approx \dfrac{0.10}{3.1637} \approx 0.0316$ (демпфирование скачка в 3.16 раза).</p>	AI_Course Block_A Microtask Ticket_06
<b>[Билет 6: Оптимизаторы: SGD, Momentum, Adam, Матричные производные] Задача 3. Матричная производная квадратичной формы с линейной частью</b><br><br><p>Найдите $\nabla_x f(x)$ для $f(x) = x^\top A x + b^\top x + c$, где $A$ несимметрична.</p>	<p>$\nabla_x (x^\top A x) = (A + A^\top)x, \quad \nabla_x (b^\top x) = b, \quad \nabla_x (c) = 0$.</p> <p><strong>Результат:</strong> $\nabla_x f(x) = (A + A^\top)x + b$.</p>	AI_Course Block_A Microtask Ticket_06
<b>[Билет 6: Оптимизаторы: SGD, Momentum, Adam, Матричные производные] Задача 4. Аналитический вывод Ridge-регрессии</b><br><br><p>Минимизируйте $\mathcal{L}(w) = \|Xw - y\|_2^2 + \lambda \|w\|_2^2$. Найдите $w^*$.</p>	<p>$\nabla_w \mathcal{L} = 2 X^\top X w - 2 X^\top y + 2 \lambda w = 2(X^\top X + \lambda I)w - 2X^\top y = 0$.</p> <p><strong>Результат:</strong> $w^* = (X^\top X + \lambda I)^{-1} X^\top y$.</p>	AI_Course Block_A Microtask Ticket_06
<b>[Билет 6: Оптимизаторы: SGD, Momentum, Adam, Матричные производные] Задача 5. Шаг AdamW с Decoupled Weight Decay</b><br><br><p>$\theta = 5.0, \eta = 0.01, \lambda = 0.1, \hat{m} = 0.2, \hat{v} = 0.04$. Вычислите $\theta_{new}$.</p>	<p>1. Weight Decay: $5.0 \cdot (1 - 0.01 \cdot 0.1) = 4.995$.</p> <p>2. Шаг Adam: $\dfrac{0.01}{\sqrt{0.04}} \cdot 0.2 = 0.01$.</p> <p>3. $\theta_{new} = 4.995 - 0.01 = 4.985$.</p>	AI_Course Block_A Microtask Ticket_06
<b>[Билет 6: Оптимизаторы: SGD, Momentum, Adam, Матричные производные] Задача 6. Влияние Bias Correction на первой итерации</b><br><br><p>$g_1 = 2.0$. Без коррекции $m_1 = 0.2, v_1 = 0.004$. Найдите отношение шагов с коррекцией и без неё.</p>	<p>1. Без коррекции: $\text{Step}_{\text{raw}} = \dfrac{0.2}{\sqrt{0.004}} \approx 3.162$.</p> <p>2. С коррекцией: $\hat{m}_1 = 2.0, \hat{v}_1 = 4.0 \implies \text{Step}_{\text{corr}} = \dfrac{2.0}{\sqrt{4.0}} = 1.0$.</p> <p>Без коррекции шаг был бы завышен в <strong>3.16 раза</strong>.</p>	AI_Course Block_A Microtask Ticket_06
<b>[Билет 6: Оптимизаторы: SGD, Momentum, Adam, Матричные производные] Задача 7. Производная билинейной формы для нейросети</b><br><br><p>$y = x^\top W z$, где $x \in \mathbb{R}^m, z \in \mathbb{R}^n, W \in \mathbb{R}^{m \times n}$. Найдите $\frac{\partial y}{\partial W}$.</p>	<p>$y = \sum_i \sum_j x_i W_{ij} z_j \implies \dfrac{\partial y}{\partial W_{ij}} = x_i z_j$.</p> <p><strong>Результат:</strong> $\dfrac{\partial y}{\partial W} = x z^\top \in \mathbb{R}^{m \times n}$.</p>	AI_Course Block_A Microtask Ticket_06
<b>[Билет 7: Аугментация, Тюнинг гиперпараметров] Задача 1. Подсчёт испытаний в Grid Search vs Random Search</b><br><br><p>4 гиперпараметра по 6 значений в сетке. Сколько испытаний выполнит Grid Search и сколько уникальных значений проверит Random Search за 60 запусков?</p>	<p>1. Grid Search: $6^4 = 1296$ полных обучений.</p> <p>2. Random Search: при 60 запусках каждый параметр тестируется в <strong>60 уникальных значениях</strong> (в $21.6$ раз быстрее при лучшем покрытии осей).</p>	AI_Course Block_A Microtask Ticket_07
<b>[Билет 7: Аугментация, Тюнинг гиперпараметров] Задача 2. Вероятность попадания в оптимум при случайном поиске</b><br><br><p>Сколько испытаний $n$ нужно в Random Search, чтобы с вероятностью $\ge 99\%$ ($\delta=0.01$) попасть в топ-$5\%$ оптимума ($p=0.05$)?</p>	<p>$n \ge \dfrac{\ln(\delta)}{\ln(1 - p)} = \dfrac{\ln(0.01)}{\ln(0.95)} = \dfrac{-4.6052}{-0.0513} \approx 89.8 \implies 90$ экспериментов.</p>	AI_Course Block_A Microtask Ticket_07
<b>[Билет 7: Аугментация, Тюнинг гиперпараметров] Задача 3. Расчёт метки в CutMix</b><br><br><p>Изображение $224 \times 224$, вставка $112 \times 112$. $y_1 = [1, 0, 0], y_2 = [0, 1, 0]$. Найдите $\tilde{y}$.</p>	<p>1. $\lambda = 1 - \dfrac{112^2}{224^2} = 1 - 0.25 = 0.75$.</p> <p>2. $\tilde{y} = 0.75[1, 0, 0] + 0.25[0, 1, 0] = [0.75, 0.25, 0.00]$.</p>	AI_Course Block_A Microtask Ticket_07
<b>[Билет 7: Аугментация, Тюнинг гиперпараметров] Задача 4. Вычисление Acquisition Function UCB</b><br><br><p>Точка A ($\mu_A=0.91, \sigma_A=0.01$), точка B ($\mu_B=0.85, \sigma_B=0.05$). Какую точку выберет UCB при $\kappa=1.0$ и при $\kappa=3.0$?</p>	<p>1. При $\kappa=1.0$: $\text{UCB}_A = 0.91 + 0.01 = 0.920 > \text{UCB}_B = 0.900 \implies$ <strong>Точка A</strong> (Exploitation).</p> <p>2. При $\kappa=3.0$: $\text{UCB}_B = 0.85 + 3(0.05) = 1.000 > \text{UCB}_A = 0.940 \implies$ <strong>Точка B</strong> (Exploration).</p>	AI_Course Block_A Microtask Ticket_07
<b>[Билет 7: Аугментация, Тюнинг гиперпараметров] Задача 5. Размер фолдов при Stratified 5-Fold CV</b><br><br><p>1000 объектов (800 класса 0, 200 класса 1). Сколько объектов каждого класса войдёт в Val и Train при 5-Fold Stratified CV?</p>	<p>1. Val (20%): $800/5 = 160$ (класс 0), $200/5 = 40$ (класс 1), всего 200.</p> <p>2. Train (80%): $800-160 = 640$ (класс 0), $200-40 = 160$ (класс 1), всего 800.</p>	AI_Course Block_A Microtask Ticket_07
<b>[Билет 7: Аугментация, Тюнинг гиперпараметров] Задача 6. Логарифмическая сетка learning rate</b><br><br><p>Разбейте диапазон LR от $10^{-4}$ до $10^{-1}$ на 4 логарифмически равноотстоящих значения.</p>	<p>Логарифмы: $-4, -3, -2, -1$.</p> <p><strong>Значения:</strong> $10^{-4} = 0.0001, \; 10^{-3} = 0.001, \; 10^{-2} = 0.01, \; 10^{-1} = 0.1$.</p>	AI_Course Block_A Microtask Ticket_07
<b>[Билет 8: Метрические методы, Сиамские сети] Задача 1. Вывод связи L2 и косинуса</b><br><br><p>Пусть $\|a\|_2 = \|b\|_2 = 1$. Выведите связь между $\|a-b\|_2^2$ и $\cos(a, b)$.</p>	<p>$\|a-b\|_2^2 = a^\top a + b^\top b - 2a^\top b = 1 + 1 - 2\cos(a,b) = 2(1 - \cos(a,b))$.</p> <p><strong>Ответ:</strong> $\|a-b\|_2^2 = 2(1 - \cos(a,b))$.</p>	AI_Course Block_B Microtask Ticket_08
<b>[Билет 8: Метрические методы, Сиамские сети] Задача 2. Triplet loss численно</b><br><br><p>Расстояния: $d(a,p) = 0.15$, $d(a,n) = 0.85$, margin $m = 0.3$. Посчитайте triplet loss и определите тип тройки.</p>	<p>$\mathcal{L} = \max(0, 0.15 - 0.85 + 0.3) = \max(0, -0.4) = 0$.</p> <p><strong>Ответ:</strong> $\mathcal{L} = 0$, тип — <strong>Easy Triplet</strong> (негатив уже достаточно удалён, градиент нулевой).</p>	AI_Course Block_B Microtask Ticket_08
<b>[Билет 8: Метрические методы, Сиамские сети] Задача 3. Определение типа тройки</b><br><br><p>$d(a,p) = 0.4$, $d(a,n) = 0.65$, margin $m = 0.3$. Определите категорию тройки.</p>	<p>Проверка semi-hard: $d(a,p) < d(a,n) < d(a,p) + m \implies 0.4 < 0.65 < 0.70$.</p> <p><strong>Ответ:</strong> <strong>Semi-Hard Triplet</strong> (негатив дальше позитива, но внутри зоны margin).</p>	AI_Course Block_B Microtask Ticket_08
<b>[Билет 8: Метрические методы, Сиамские сети] Задача 4. Contrastive loss для пар</b><br><br><p>Вычислите Contrastive Loss при $m = 0.5$ для: (1) позитивной пары ($y=1, d=0.2$); (2) негативной пары ($y=0, d=0.3$).</p>	<p>(1) $\mathcal{L}_+ = 1 \cdot (0.2)^2 = 0.04$.</p> <p>(2) $\mathcal{L}_- = 1 \cdot \max(0, 0.5 - 0.3)^2 = 0.2^2 = 0.04$.</p> <p><strong>Ответ:</strong> $\mathcal{L}_+ = 0.04$, $\mathcal{L}_- = 0.04$.</p>	AI_Course Block_B Microtask Ticket_08
<b>[Билет 8: Метрические методы, Сиамские сети] Задача 5. L2-нормализация эмбеддингов</b><br><br><p>Нормализуйте вектор $z = [3, 4]^\top$ на единичную сферу.</p>	<p>$\|z\|_2 = \sqrt{3^2 + 4^2} = 5 \implies z_{norm} = \frac{1}{5}[3, 4]^\top = [0.6, 0.8]^\top$.</p> <p><strong>Ответ:</strong> $z_{norm} = [0.6, 0.8]^\top$, норма $\|z_{norm}\|_2 = 1.0$.</p>	AI_Course Block_B Microtask Ticket_08
<b>[Билет 8: Метрические методы, Сиамские сети] Задача 6. Косинус через L2 нормализованные векторы</b><br><br><p>Для нормализованных векторов $a, b$ известно $\|a-b\|_2 = 0.6$. Найдите $\cos(a,b)$.</p>	<p>$\|a-b\|_2^2 = 2(1 - \cos(a,b)) \implies 0.36 = 2(1 - \cos(a,b)) \implies \cos(a,b) = 1 - 0.18 = 0.82$.</p> <p><strong>Ответ:</strong> $\cos(a,b) = 0.82$.</p>	AI_Course Block_B Microtask Ticket_08
<b>[Билет 9: Контрастивное обучение, SSL, InfoNCE] Задача 1. Расчёт NT-Xent loss вручную</b><br><br><p>Батч $B=2$, 4 нормализованных вектора: $z_1 = [1, 0]^\top, z_2 = [0, 1]^\top, z_3 = [-1, 0]^\top, z_4 = [0, -1]^\top$. Пары: $(z_1, z_2)$ и $(z_3, z_4)$. $\tau = 1.0$. Вычислите loss.</p>	<p>Для пары $(z_1, z_2)$: $\text{sim}(z_1, z_2) = 0 \implies e^0 = 1$. Негативы: $\text{sim}(z_1, z_3) = -1 \implies e^{-1} \approx 0.368$; $\text{sim}(z_1, z_4) = 0 \implies e^0 = 1$.</p> <p>$\mathcal{L}_{1,2} = -\ln\left(\frac{1}{1 + e^{-1} + 1}\right) = \ln(2 + e^{-1}) \approx \ln(2.368) \approx 0.862$.</p> <p><strong>Ответ:</strong> $\text{Loss} = \ln(2 + e^{-1}) \approx 0.862$.</p>	AI_Course Block_B Microtask Ticket_09
<b>[Билет 9: Контрастивное обучение, SSL, InfoNCE] Задача 2. Размер очереди в MoCo</b><br><br><p>Очередь MoCo хранит $N = 65\,536$ векторов. Размер батча $B = 256$. За сколько шагов очередь обновится полностью?</p>	<p>Число шагов для полной замены FIFO-очереди: $N / B = 65\,536 / 256 = 256$ шагов.</p> <p><strong>Ответ:</strong> 256 итераций.</p>	AI_Course Block_B Microtask Ticket_09
<b>[Билет 9: Контрастивное обучение, SSL, InfoNCE] Задача 3. Коллапс: верный батч или вычисления?</b><br><br><p>Энкодер выдал эмбеддинги: $z_1 = [1.0, 0.0], z_2 = [1.0, 0.001], z_3 = [1.0, -0.001], z_4 = [1.0, 0.0005]$. Является ли это коллапсом?</p>	<p>Все векторы сонаправлены с вектором $[1, 0]$ с вариацией $< 10^{-3}$. Ранг матрицы представлений близок к 1.</p> <p><strong>Ответ:</strong> Да, произошёл полный коллапс представлений.</p>	AI_Course Block_B Microtask Ticket_09
<b>[Билет 9: Контрастивное обучение, SSL, InfoNCE] Задача 4. Аугментации в SimCLR: критичность color jitter</b><br><br><p>Почему обучение SimCLR только с crop и flip без color jitter приводит к деградации качества?</p>	<p>Без искажения цветов сеть сходится к тривиальному решению — сравнению цветовых гистограмм, игнорируя форму и семантику объектов.</p> <p><strong>Ответ:</strong> Сеть застревает на цветовом распределении вместо изучения геометрии и семантики.</p>	AI_Course Block_B Microtask Ticket_09
<b>[Билет 9: Контрастивное обучение, SSL, InfoNCE] Задача 5. Temperature τ и стабильность обучения</b><br><br><p>Опишите последствия выбора предельных значений температуры $\tau \to 0$ и $\tau \to \infty$.</p>	<p>При $\tau \to 0$ логиты вызывают численное переполнение $\exp$ и градиентные взрывы. При $\tau \to \infty$ вероятности равны $1/K$, градиенты стремятся к 0.</p> <p><strong>Ответ:</strong> $\tau \to 0$ — взрыв градиентов; $\tau \to \infty$ — затухание обучения.</p>	AI_Course Block_B Microtask Ticket_09
<b>[Билет 9: Контрастивное обучение, SSL, InfoNCE] Задача 6. Linear probing: что показывает accuracy</b><br><br><p>Linear Probing на ImageNet даёт 77% Top-1 точности с замороженным энкодером. Что это говорит о качестве представлений?</p>	<p>Высокая точность линейного классификатора доказывает, что признаки в пространстве энкодера линейно разделимы и отражают семантику классов.</p> <p><strong>Ответ:</strong> Признаки высокоинформативны и линейно разделимы.</p>	AI_Course Block_B Microtask Ticket_09
<b>[Билет 10: Автоэнкодеры: VAE, ELBO, CVAE] Задача 1. Расчёт KL-дивергенции для 3D латентного распределения</b><br><br><p>Параметры энкодера: $\mu = [1.0, 0.0, -2.0]^\top$, $\log\sigma^2 = [0.0, 1.0, -1.0]^\top$. Вычислите $D_{\text{KL}}(q(z|x) \parallel \mathcal{N}(0, I))$.</p>	<p>$D_{\text{KL}} = -\frac{1}{2}\sum_{j=1}^3 (1 + \log\sigma_j^2 - \mu_j^2 - \sigma_j^2)$:</p> <p>1) $j=1$: $-\frac{1}{2}(1 + 0 - 1 - 1) = 0.5$.</p> <p>2) $j=2$: $-\frac{1}{2}(1 + 1 - 0 - e^1) = -\frac{1}{2}(2 - 2.7183) \approx 0.3591$.</p> <p>3) $j=3$: $-\frac{1}{2}(1 - 1 - 4 - e^{-1}) = -\frac{1}{2}(-4 - 0.3679) \approx 2.1839$.</p> <p><strong>Ответ:</strong> $D_{\text{KL}} = 0.5 + 0.3591 + 2.1839 = 3.043$.</p>	AI_Course Block_B Microtask Ticket_10
<b>[Билет 10: Автоэнкодеры: VAE, ELBO, CVAE] Задача 2. Что случится при удалении KL-слагаемого?</b><br><br><p>Что выучит VAE при $\mathcal{L} = \mathcal{L}_{\text{recon}}$ без $D_{\text{KL}}$?</p>	<p>Дисперсии $\sigma \to 0$, средние $\mu(x)$ образуют дискретные кластеры. Пространство потеряет непрерывность, сэмплирование из $\mathcal{N}(0, I)$ даст шум.</p> <p><strong>Ответ:</strong> Модель вырождается в негенеративный детерминированный AE.</p>	AI_Course Block_B Microtask Ticket_10
<b>[Билет 10: Автоэнкодеры: VAE, ELBO, CVAE] Задача 3. Подсчет параметров полносвязной сети VAE</b><br><br><p>Архитектура: вход $784$, энкодер $[784 \to 256 \to 128]$, латент $64$ (головы $\mu$ и $\log\sigma^2$), декодер $[64 \to 128 \to 256 \to 784]$. Посчитайте параметры (с bias).</p>	<p>Энкодер: $(784\cdot256 + 256) + (256\cdot128 + 128) = 200\,960 + 32\,896 = 233\,856$.</p> <p>Головы: $2 \times (128\cdot64 + 64) = 2 \times 8\,256 = 16\,512$.</p> <p>Декодер: $(64\cdot128+128) + (128\cdot256+256) + (256\cdot784+784) = 8\,320 + 33\,024 + 201\,488 = 242\,832$.</p> <p><strong>Ответ:</strong> $233\,856 + 16\,512 + 242\,832 = 493\,200$ параметров.</p>	AI_Course Block_B Microtask Ticket_10
<b>[Билет 10: Автоэнкодеры: VAE, ELBO, CVAE] Задача 4. Репараметризационный трюк в Python</b><br><br><p>Реализуйте функцию `reparameterize(mu, logvar)`, возвращающую дифференцируемый сэмпл $z$.</p>	<pre><code>def reparameterize(mu, logvar): std = torch.exp(0.5 * logvar) eps = torch.randn_like(std) return mu + eps * std</code></pre> <p><strong>Ответ:</strong> Градиенты $\nabla_\mu z = 1$, $\nabla_{\log\sigma^2} z = 0.5 \cdot \text{std} \odot \epsilon$.</p>	AI_Course Block_B Microtask Ticket_10
<b>[Билет 10: Автоэнкодеры: VAE, ELBO, CVAE] Задача 5. Анализ потерь VAE и связь с вероятностями</b><br><br><p>Для батча $\text{Recon} = 150.0$, $D_{\text{KL}} = 12.5$. Чему равен ELBO?</p>	<p>$\mathcal{L}_{\text{VAE}} = -\text{ELBO} = \text{Recon} + D_{\text{KL}} \implies \text{ELBO} = -(150.0 + 12.5) = -162.5$.</p> <p><strong>Ответ:</strong> $\text{ELBO} = -162.5$.</p>	AI_Course Block_B Microtask Ticket_10
<b>[Билет 10: Автоэнкодеры: VAE, ELBO, CVAE] Задача 6. Диагностика Posterior Collapse по логам обучения</b><br><br><p>В обучении VAE Recon упал с 200 до 85, а $D_{\text{KL}}$ упал до 0.002. Картинки серые. Диагноз и лечение?</p>	<p><strong>Диагноз:</strong> Posterior Collapse ($q(z|x) \approx \mathcal{N}(0, I)$, энкодер проигнорирован).</p> <p><strong>Лечение:</strong> KL Annealing (плавный разогрев веса $\beta$), Free Bits ($\max(\tau, D_{\text{KL}})$), ослабление декодера.</p>	AI_Course Block_B Microtask Ticket_10
<b>[Билет 11: Генеративные модели: GAN] Задача 1. Расчёт функции стоимости при идеальном дискриминаторе</b><br><br><p>Пусть $D(x) = 0.99$, $D(G(z)) = 0.01$. Вычислите приближённое значение $V(D, G)$.</p>	<p>$V(D, G) = \ln(0.99) + \ln(1 - 0.01) \approx -0.01005 - 0.01005 = -0.0201 \approx 0$.</p> <p><strong>Ответ:</strong> $V(D, G) \approx -0.02$ (дискриминатор близок к теоретическому максимуму 0).</p>	AI_Course Block_B Microtask Ticket_11
<b>[Билет 11: Генеративные модели: GAN] Задача 2. Размерность выхода транспонированной свёртки (ConvTranspose2d)</b><br><br><p>Вход $(B, 100, 1, 1)$, слой `ConvTranspose2d(100, 256, kernel_size=4, stride=1, padding=0)`. Найдите размер выхода.</p>	<p>$H_{out} = (H_{in} - 1)\cdot\text{stride} - 2\cdot\text{padding} + \text{kernel\_size} = (1 - 1)\cdot1 - 0 + 4 = 4$.</p> <p><strong>Ответ:</strong> Размерность тензора $(B, 256, 4, 4)$.</p>	AI_Course Block_B Microtask Ticket_11
<b>[Билет 11: Генеративные модели: GAN] Задача 3. Сравнение градиентов Saturating vs Non-Saturating Loss</b><br><br><p>При $u = D(G(z)) = 0.05$ найдите лоссы и производные по $u$ для: (а) $\ln(1-u)$; (б) $-\ln(u)$.</p>	<p>(а) $\ln(0.95) \approx -0.0513$, градиент $-\frac{1}{0.95} \approx -1.05$.</p> <p>(б) $-\ln(0.05) \approx 2.996$, градиент $-\frac{1}{0.05} = -20$.</p> <p><strong>Ответ:</strong> Non-Saturating градиент в 19 раз мощнее ($-20$ против $-1.05$).</p>	AI_Course Block_B Microtask Ticket_11
<b>[Билет 11: Генеративные модели: GAN] Задача 4. Вычисление 1D расстояния Вассерштейна</b><br><br><p>Распределения: $P = \delta(x)$, $Q = \delta(x - \theta)$ при $\theta \ne 0$. Найдите $D_{\text{JS}}(P \parallel Q)$ и $W(P, Q)$.</p>	<p>1) Носители не пересекаются $\implies D_{\text{JS}}(P \parallel Q) = \ln 2 \approx 0.693$ (градиент 0).</p> <p>2) $W(P, Q) = 1 \cdot |\theta - 0| = |\theta|$, градиент $\text{sign}(\theta) \ne 0$.</p> <p><strong>Ответ:</strong> $D_{\text{JS}} = \ln 2$, $W = |\theta|$.</p>	AI_Course Block_B Microtask Ticket_11
<b>[Билет 11: Генеративные модели: GAN] Задача 5. Расчёт FID для 1D распределений</b><br><br><p>Признаки: $\mu_r = 2.0, \sigma_r^2 = 4.0$ и $\mu_g = 5.0, \sigma_g^2 = 9.0$. Вычислите FID.</p>	<p>$\text{FID} = (\mu_r - \mu_g)^2 + (\sigma_r - \sigma_g)^2 = (2 - 5)^2 + (2 - 3)^2 = 9 + 1 = 10.0$.</p> <p><strong>Ответ:</strong> $\text{FID} = 10.0$.</p>	AI_Course Block_B Microtask Ticket_11
<b>[Билет 11: Генеративные модели: GAN] Задача 6. Количество параметров в WGAN-GP Gradient Penalty</b><br><br><p>Почему в критике WGAN-GP не используют BatchNorm и чем его заменяют?</p>	<p>BatchNorm связывает сэмплы батча, нарушая индивидуальный расчёт $\|\nabla_{\hat{x}_i} D(\hat{x}_i)\|_2$.</p> <p><strong>Ответ:</strong> Заменяется на Layer Normalization, Instance Normalization или Spectral Normalization.</p>	AI_Course Block_B Microtask Ticket_11
<b>[Билет 12 (ч.1): Диффузионные модели] Задача 1. Расчёт коэффициента затухания $\bar{\alpha}_t$</b><br><br><p>При $\beta_1 = 0.1, \beta_2 = 0.2, \beta_3 = 0.3$ найдите $\bar{\alpha}_3$ и дисперсию шума на шаге 3.</p>	<p>$\alpha_1 = 0.9, \alpha_2 = 0.8, \alpha_3 = 0.7 \implies \bar{\alpha}_3 = 0.9 \cdot 0.8 \cdot 0.7 = 0.504$.</p> <p>Дисперсия шума: $1 - \bar{\alpha}_3 = 1 - 0.504 = 0.496$.</p> <p><strong>Ответ:</strong> $\bar{\alpha}_3 = 0.504$, дисперсия $0.496$.</p>	AI_Course Block_B Microtask Ticket_12
<b>[Билет 12 (ч.1): Диффузионные модели] Задача 2. Прямое сэмплирование $x_t$ на числовом примере</b><br><br><p>Пиксель $x_0 = 2.0$, шум $\epsilon = -1.0$, $\bar{\alpha}_t = 0.64$. Найдите $x_t$.</p>	<p>$x_t = \sqrt{0.64} \cdot 2.0 + \sqrt{1 - 0.64} \cdot (-1.0) = 0.8 \cdot 2.0 - 0.6 \cdot 1.0 = 1.0$.</p> <p><strong>Ответ:</strong> $x_t = 1.0$.</p>	AI_Course Block_B Microtask Ticket_12
<b>[Билет 12 (ч.1): Диффузионные модели] Задача 3. Восстановление $x_0$ по предсказанному шуму $\hat{\epsilon}$</b><br><br><p>На шаге $t$: $x_t = 3.0, \bar{\alpha}_t = 0.25$, предсказанный шум $\epsilon_\theta = 1.0$. Оцените $\hat{x}_0$.</p>	<p>$\hat{x}_0 = \frac{x_t - \sqrt{1 - \bar{\alpha}_t}\epsilon_\theta}{\sqrt{\bar{\alpha}_t}} = \frac{3.0 - \sqrt{0.75} \cdot 1.0}{\sqrt{0.25}} = \frac{3.0 - 0.866}{0.5} = 4.268$.</p> <p><strong>Ответ:</strong> $\hat{x}_0 = 4.268$.</p>	AI_Course Block_B Microtask Ticket_12
<b>[Билет 12 (ч.1): Диффузионные модели] Задача 4. Расчёт вектора Classifier-Free Guidance (CFG)</b><br><br><p>Безусловный шум $\epsilon_{\text{uncond}} = 0.2$, условный $\epsilon_{\text{cond}} = 0.5$. Найдите $\tilde{\epsilon}$ при $s = 1.0, 3.0, 7.5$.</p>	<p>$\tilde{\epsilon} = \epsilon_{\text{uncond}} + s(\epsilon_{\text{cond}} - \epsilon_{\text{uncond}}) = 0.2 + s \cdot 0.3$:</p> <p>При $s=1.0$: $0.5$; при $s=3.0$: $0.2 + 0.9 = 1.1$; при $s=7.5$: $0.2 + 2.25 = 2.45$.</p> <p><strong>Ответ:</strong> $0.5$, $1.1$, $2.45$.</p>	AI_Course Block_B Microtask Ticket_12
<b>[Билет 12 (ч.1): Диффузионные модели] Задача 5. Коэффициент сжатия памяти в Latent Diffusion</b><br><br><p>Картинка $512\times512\times3$ сжимается VAE в латент $64\times64\times4$. Найдите коэффициент сжатия.</p>	<p>Исходный объём: $512 \cdot 512 \cdot 3 = 786\,432$. Латент: $64 \cdot 64 \cdot 4 = 16\,384$.</p> <p>Сжатие: $786\,432 / 16\,384 = 48$ раз.</p> <p><strong>Ответ:</strong> В 48 раз (пространственно в 64 раза).</p>	AI_Course Block_B Microtask Ticket_12
<b>[Билет 12 (ч.1): Диффузионные модели] Задача 6. Временная сложность обучения vs инференса</b><br><br><p>В чём асимметрия времени обучения и генерации в DDPM?</p>	<p>Обучение требует $O(1)$ проходов U-Net на батч (случайный шаг $t$ за 1 формулу). Генерация требует $O(T)$ последовательных проходов ($T=1000$ шагов).</p> <p><strong>Ответ:</strong> Обучение $O(1)$, генерация $O(T)$.</p>	AI_Course Block_B Microtask Ticket_12
<b>[Билет 12 (ч.2): Задачи Computer Vision] Задача 1. Расчёт IoU между двумя боксами</b><br><br><p>Бокс 1: $(20, 30, 120, 130)$. Бокс 2: $(30, 35, 110, 125)$. Найдите IoU.</p>	<p>Пересечение: $[30, 35, 110, 125] \implies 80 \times 90 = 7\,200$.</p> <p>Площади: $A_1 = 100 \times 100 = 10\,000$, $A_2 = 80 \times 90 = 7\,200$.</p> <p>$\text{IoU} = 7\,200 / (10\,000 + 7\,200 - 7\,200) = 7\,200 / 10\,000 = 0.72$.</p> <p><strong>Ответ:</strong> $\text{IoU} = 0.72$.</p>	AI_Course Block_B Microtask Ticket_13
<b>[Билет 12 (ч.2): Задачи Computer Vision] Задача 2. Прогон NMS вручную</b><br><br><p>Боксы с $\text{conf}$: A (0.95), B (0.80), C (0.75), D (0.60), E (0.50). $\text{IoU}(A, B)=0.7, \text{IoU}(A, C)=0.1, \text{IoU}(A, D)=0.8, \text{IoU}(A, E)=0.05$. Порог $0.5$. Кто останется?</p>	<p>1) Берём A (0.95); удаляем B ($\text{IoU}=0.7$) и D ($\text{IoU}=0.8$).</p> <p>2) Из оставшихся C и E берём C (0.75), затем E (0.50).</p> <p><strong>Ответ:</strong> Остаются боксы [A, C, E].</p>	AI_Course Block_B Microtask Ticket_13
<b>[Билет 12 (ч.2): Задачи Computer Vision] Задача 3. Расчёт Precision, Recall, AP</b><br><br><p>10 истинных объектов. 4 TP, 2 FP. Найдите FN, Precision, Recall.</p>	<p>$\text{FN} = 10 - 4 = 6$.</p> <p>$\text{Precision} = 4 / (4 + 2) = 4/6 \approx 0.667$.</p> <p>$\text{Recall} = 4 / (4 + 6) = 4/10 = 0.40$.</p> <p><strong>Ответ:</strong> $\text{FN}=6, \text{Precision}=0.667, \text{Recall}=0.40$.</p>	AI_Course Block_B Microtask Ticket_13
<b>[Билет 12 (ч.2): Задачи Computer Vision] Задача 4. Dice coefficient</b><br><br><p>Истина: 100 пикселей, предсказано 80 пикселей, совпало 60 пикселей (TP). Найдите Dice.</p>	<p>$\text{Dice} = \frac{2 \cdot \text{TP}}{|A| + |B|} = \frac{2 \cdot 60}{100 + 80} = \frac{120}{180} = 0.667$.</p> <p><strong>Ответ:</strong> $\text{Dice} = 0.667$.</p>	AI_Course Block_B Microtask Ticket_13
<b>[Билет 12 (ч.2): Задачи Computer Vision] Задача 5. U-Net: роль skip-connections</b><br><br><p>Что теряется при сжатии карты признаков до $32\times 32$ и как Skip-Connections это исправляют?</p>	<p>Теряется высокочастотная информация о точных границах объектов. Skip-connections пробрасывают исходные карты признаков из энкодера в декодер через конкатенацию.</p> <p><strong>Ответ:</strong> Восстанавливают чёткие контуры и границы сегментации.</p>	AI_Course Block_B Microtask Ticket_13
<b>[Билет 12 (ч.2): Задачи Computer Vision] Задача 6. Heatmap vs регрессия координат</b><br><br><p>5 ключевых точек. Вариант A: 10 чисел. Вариант B: 5 карт $64\times 64$. Сравните память и точность.</p>	<p>Память: Вариант A — 10 float32 (40 байт); Вариант B — $5 \times 4096 \times 4$ байт ($81\,920$ байт, в 2048 раз больше). Точность: Heatmap ~95% (COCO) против ~75% у прямой регрессии.</p> <p><strong>Ответ:</strong> Heatmap требует больше памяти, но обеспечивает точность ~95% против ~75%.</p>	AI_Course Block_B Microtask Ticket_13
<b>[Билет 13: Рекуррентные сети, LSTM, biLSTM] Задача 1. Подсчёт параметров слоя LSTM</b><br><br><p>Слой `nn.LSTM(input_size=100, hidden_size=256, bias=True)`. Сколько обучаемых параметров содержит этот слой в PyTorch?</p>	<p>Для каждого из 4 гейтов ($f, i, \tilde{C}, o$):</p> <ul> <li>$W_{xh}$: $100 \times 256 = 25\,600$.</li> <li>$W_{hh}$: $256 \times 256 = 65\,536$.</li> <li>Смещения: $256 + 256 = 512$ (раздельные $b_{ih}$ и $b_{hh}$).</li> <li>На один гейт: $25\,600 + 65\,536 + 512 = 91\,648$.</li> </ul> <p>Итого для 4 гейтов: $\text{Параметры} = 4 \times 91\,648 = \mathbf{366\,592}$.</p>	AI_Course Block_C Microtask Ticket_14
<b>[Билет 13: Рекуррентные сети, LSTM, biLSTM] Задача 2. Сравнение числа параметров GRU и LSTM</b><br><br><p>Сравните количество обучаемых параметров для слоёв `nn.GRU(100, 256)` и `nn.LSTM(100, 256)`.</p>	<p>В GRU 3 группы гейтов ($z, r, \tilde{h}$) вместо 4 в LSTM:</p> <div class="math-scroll-wrapper"> $$ \text{Параметры GRU} = 3 \times (100 \times 256 + 256 \times 256 + 512) = 3 \times 91\,648 = \mathbf{274\,944} $$	AI_Course Block_C Microtask Ticket_14
<b>[Билет 13: Рекуррентные сети, LSTM, biLSTM] Задача 3. Ручной расчёт обновления ячейки памяти $C_t$</b><br><br><p>Пусть $C_{t-1} = [2.0, -1.0]$. Гейты выдали: $f_t = [0.9, 0.1]$, $i_t = [0.5, 0.8]$, $\tilde{C}_t = [1.0, 2.0]$. Вычислите $C_t$.</p>	<p>Формула $C_t = f_t \odot C_{t-1} + i_t \odot \tilde{C}_t$:</p> <ul> <li>1-я компонента: $0.9(2.0) + 0.5(1.0) = 1.8 + 0.5 = \mathbf{2.3}$.</li> <li>2-я компонента: $0.1(-1.0) + 0.8(2.0) = -0.1 + 1.6 = \mathbf{1.5}$.</li> </ul> <p>Ответ: $C_t = [2.3, \, 1.5]$.</p>	AI_Course Block_C Microtask Ticket_14
<b>[Билет 13: Рекуррентные сети, LSTM, biLSTM] Задача 4. Размерности тензоров в biLSTM</b><br><br><p>Батч $B=32$, длина $T=50$, $d_{\text{in}}=300$. Слой `nn.LSTM(300, 128, bidirectional=True, batch_first=True)`. Каковы формы выходных тензоров `output` и `h_n`?</p>	<p>1. `output`: скрытые состояния всех $T$ шагов (прямое + обратное): $\text{shape} = (B, T, 2 d_{\text{hidden}}) = \mathbf{(32, 50, 256)}$.<br> 2. `h_n`: состояния финального шага по направлениям: $\text{shape} = (\text{num\_directions}, B, d_{\text{hidden}}) = \mathbf{(2, 32, 128)}$.</p>	AI_Course Block_C Microtask Ticket_14
<b>[Билет 13: Рекуррентные сети, LSTM, biLSTM] Задача 5. Расчёт градиентного клиппинга</b><br><br><p>Норма градиентов $\|g\|_2 = 10.0$. Порог клиппинга $C = 2.0$. Какой множитель будет применён к градиентам и чему равна новая норма?</p>	<p>Так как $\|g\|_2 = 10.0 > C = 2.0$, множитель равен $\alpha = \frac{C}{\|g\|_2} = \frac{2.0}{10.0} = \mathbf{0.2}$.<br> Новый градиент: $g_{\text{new}} = 0.2 \cdot g$. Новая норма: $\|g_{\text{new}}\|_2 = 0.2 \times 10.0 = \mathbf{2.0}$.</p>	AI_Course Block_C Microtask Ticket_14
<b>[Билет 13: Рекуррентные сети, LSTM, biLSTM] Задача 6. Бутылочное горлышко Seq2Seq</b><br><br><p>Входная фраза содержит 100 слов. Скрытое состояние энкодера $d_{\text{hidden}} = 256$. В чём дефект сжатия фразы в один вектор $h_{100}$?</p>	<p><strong>Information Bottleneck:</strong> упаковка 100 слов в 256 чисел приводит к потере контекста (особенно начальных токенов) из-за компрессии. Это ограничение привело к разработке <strong>механизма внимания (Attention)</strong>.</p>	AI_Course Block_C Microtask Ticket_14
<b>[Билет 14: Механизм внимания в seq2seq] Задача 1. Ручной расчёт вектора контекста $c_t$</b><br><br><p>Состояния: $h_1 = [1.0, 0.0]^\top, h_2 = [0.0, 2.0]^\top, h_3 = [1.0, 1.0]^\top$. Веса: $\alpha_1 = 0.5, \alpha_2 = 0.3, \alpha_3 = 0.2$. Найдите $c_t$.</p>	<p>Формула $c_t = \sum \alpha_i h_i$:</p> <ul> <li>1-я: $0.5(1.0) + 0.3(0.0) + 0.2(1.0) = 0.5 + 0.2 = \mathbf{0.7}$.</li> <li>2-я: $0.5(0.0) + 0.3(2.0) + 0.2(1.0) = 0.6 + 0.2 = \mathbf{0.8}$.</li> </ul> <p>Ответ: $c_t = [0.7, \, 0.8]^\top$.</p>	AI_Course Block_C Microtask Ticket_15
<b>[Билет 14: Механизм внимания в seq2seq] Задача 2. Расчёт весов Softmax Luong Dot-Product</b><br><br><p>Состояние декодера $s_t = [1.0, 1.0]^\top$. Состояния энкодера: $h_1 = [2.0, 0.0]^\top, h_2 = [1.0, 2.0]^\top$. Найдите $e_1, e_2$ и $\alpha_1, \alpha_2$.</p>	<p>1. Scores: $e_1 = s_t^\top h_1 = 2.0$, $e_2 = s_t^\top h_2 = 1.0(1.0) + 1.0(2.0) = 3.0$.<br> 2. Softmax: $\exp(2) \approx 7.389$, $\exp(3) \approx 20.085$. Сумма $= 27.474$.<br> $\alpha_1 = \frac{7.389}{27.474} \approx \mathbf{0.269}, \quad \alpha_2 = \frac{20.085}{27.474} \approx \mathbf{0.731}$.</p>	AI_Course Block_C Microtask Ticket_15
<b>[Билет 14: Механизм внимания в seq2seq] Задача 3. Размерности тензоров в Batch Matrix Multiplication (BMM)</b><br><br><p>Батч $B=16$, $S=40$, $d=128$. Тензор весов $(16, 1, 40)$, тензор выходов энкодера $(16, 40, 128)$. Какова форма результата `torch.bmm`?</p>	<p>$(B, 1, S) \times (B, S, d) \to (B, 1, d) = (16, 1, 128) \xrightarrow{\text{squeeze}(1)} \mathbf{(16, 128)}$.</p>	AI_Course Block_C Microtask Ticket_15
<b>[Билет 14: Механизм внимания в seq2seq] Задача 4. Подсчёт параметров слоя Bahdanau Attention</b><br><br><p>$d_{\text{dec}} = 256, d_{\text{enc}} = 512, d_{\text{attn}} = 256$. Сколько обучаемых весов в слое (без bias)?</p>	<p>1. $W_a$: $256 \times 256 = 65\,536$.<br> 2. $U_a$: $512 \times 256 = 131\,072$.<br> 3. $v_a$: $256 \times 1 = 256$.<br> Итого: $65\,536 + 131\,072 + 256 = \mathbf{196\,864}$.</p>	AI_Course Block_C Microtask Ticket_15
<b>[Билет 14: Механизм внимания в seq2seq] Задача 5. Вычислительная сложность Global vs Local Attention</b><br><br><p>$S=1000, T=1000$. Число операций score при Global Attention vs Local Attention ($D=10$)?</p>	<p>1. Global: $S \times T = 1000 \times 1000 = \mathbf{1\,000\,000}$.<br> 2. Local: $(2D + 1) \times T = 21 \times 1000 = \mathbf{21\,000}$ (в 48 раз меньше).</p>	AI_Course Block_C Microtask Ticket_15
<b>[Билет 14: Механизм внимания в seq2seq] Задача 6. Маскирование Padding-токенов в Attention</b><br><br><p>Батч дополнен нулями до $S=10$, реальная длина 4 токена. Чем заполнить позиции $5\dots10$ перед Softmax, чтобы их веса были равны 0?</p>	<p>Значением <strong>$-\infty$</strong> (`-1e9` в коде). Так как $e^{-\infty} = 0$, веса паддинга после $\text{Softmax}$ станут строго равны $0.0$, исключая их влияние на $c_t$.</p>	AI_Course Block_C Microtask Ticket_15
<b>[Билет 15: Архитектура Transformer] Задача 1. Подсчёт параметров одного слоя Transformer Encoder</b><br><br><p>$d_{\text{model}} = 512, d_{\text{ff}} = 2048, h = 8$. Посчитайте параметры одного слоя энкодера (Multi-Head Attention + FFN + 2 LayerNorm с bias).</p>	<p>1. Attention: $W^Q, W^K, W^V, W^O \implies 4 \times (512 \times 512 + 512) = 1\,050\,624$.<br> 2. FFN: $512 \times 2048 + 2048 + 2048 \times 512 + 512 = 2\,099\,712$.<br> 3. 2 LayerNorm: $2 \times 2 \times 512 = 2\,048$.<br> Итого: $1\,050\,624 + 2\,099\,712 + 2\,048 = \mathbf{3\,152\,384} \approx 3.15 \text{ млн}$.</p>	AI_Course Block_C Microtask Ticket_16
<b>[Билет 15: Архитектура Transformer] Задача 2. Ручной расчёт синусоидального позиционного кодирования</b><br><br><p>$d_{\text{model}} = 4$. Рассчитайте компоненты $PE$ для $pos = 0$ и $pos = 1$.</p>	<p>Частоты: $\omega_0 = 1.0, \omega_1 = 0.01$.<br> $pos = 0$: $[\sin(0), \cos(0), \sin(0), \cos(0)] = \mathbf{[0, 1, 0, 1]}$.<br> $pos = 1$: $[\sin(1), \cos(1), \sin(0.01), \cos(0.01)] \approx \mathbf{[0.8415, 0.5403, 0.0100, 0.9999]}$.</p>	AI_Course Block_C Microtask Ticket_16
<b>[Билет 15: Архитектура Transformer] Задача 3. Расчёт Causal Mask для последовательности</b><br><br><p>Последовательность из 3 токенов. Выпишите аддитивную маску для сложения с логитами перед Softmax.</p>	<div class="math-scroll-wrapper"> $$ M_{\text{add}} = \begin{pmatrix} 0 & -\infty & -\infty \\ 0 & 0 & -\infty \\ 0 & 0 & 0 \end{pmatrix} $$	AI_Course Block_C Microtask Ticket_16
<b>[Билет 15: Архитектура Transformer] Задача 4. Размерность Cross-Attention матриц</b><br><br><p>Батч $B=8$, $S=50, T=20, d=512, h=8$ ($d_k=64$). Каковы размерности $Q, K, V$ и матрицы весов до и после Softmax?</p>	<p>1. $Q$ (декодер): $(8, 8, 20, 64)$, $K, V$ (энкодер): $(8, 8, 50, 64)$.<br> 2. $Q K^\top$: $(8, 8, 20, 64) \times (8, 8, 64, 50) \to \mathbf{(8, 8, 20, 50)}$.<br> 3. Softmax по $S=50$: размерность весов $\mathbf{(8, 8, 20, 50)}$.</p>	AI_Course Block_C Microtask Ticket_16
<b>[Билет 15: Архитектура Transformer] Задача 5. Размерность тензора после FFN</b><br><br><p>Вход в FFN: $(B=16, T=128, d=512)$. Промежуточный слой $d_{\text{ff}}=2048$. Каковы размеры тензора внутри и на выходе?</p>	<p>Внутри FFN (после $W_1$): $\mathbf{(16, 128, 2048)}$. На выходе (после $W_2$): $\mathbf{(16, 128, 512)}$. Форма $(16, 128)$ неизменна.</p>	AI_Course Block_C Microtask Ticket_16
<b>[Билет 15: Архитектура Transformer] Задача 6. Влияние Residual Connection на градиенты</b><br><br><p>Блок $y = x + F(x)$. Найдите $\frac{\partial y}{\partial x}$. Почему это устраняет затухание градиента?</p>	<div class="math-scroll-wrapper"> $$ \frac{\partial y}{\partial x} = I + \frac{\partial F(x)}{\partial x} $$	AI_Course Block_C Microtask Ticket_16
<b>[Билет 16: Внимание и самовнимание (Q, K, V, маски)] Задача 1. Расчёт дисперсии скалярного произведения</b><br><br><p>$q, k \in \mathbb{R}^{128}$ с $\sigma=1$. Чему равно стандартное отклонение $q \cdot k$ до и после деления на $\sqrt{128}$?</p>	<p>1. До: $\text{Var}(q \cdot k) = 128 \implies \sigma = \sqrt{128} \approx \mathbf{11.31}$.<br> 2. После: $\text{Var}\left(\frac{q \cdot k}{\sqrt{128}}\right) = \frac{128}{128} = 1.0 \implies \sigma = \mathbf{1.0}$.</p>	AI_Course Block_C Microtask Ticket_17
<b>[Билет 16: Внимание и самовнимание (Q, K, V, маски)] Задача 2. Подсчёт параметров Multi-Head Attention</b><br><br><p>$d_{\text{model}} = 768, h = 12, d_k = d_v = 64$. Сколько параметров содержат матрицы $W^Q, W^K, W^V, W^O$ без bias?</p>	<p>Каждая матрица имеет размер $768 \times 768 = 589\,824$.<br> Итого: $4 \times 589\,824 = \mathbf{2\,359\,296} \approx 2.36 \text{ млн}$.</p>	AI_Course Block_C Microtask Ticket_17
<b>[Билет 16: Внимание и самовнимание (Q, K, V, маски)] Задача 3. Расчёт объёма памяти под матрицу внимания</b><br><br><p>$T = 8192, B = 4, h = 32$, тип float16 (2 байта). Сколько гигабайт занимает матрица $Q K^\top$?</p>	<p>Элементов: $4 \times 32 \times 8192 \times 8192 = 8\,589\,934\,592$.<br> Память: $8\,589\,934\,592 \times 2 \text{ Б} = 17\,179\,869\,184 \text{ Б} = \mathbf{16 \text{ ГБ}}$.</p>	AI_Course Block_C Microtask Ticket_17
<b>[Билет 16: Внимание и самовнимание (Q, K, V, маски)] Задача 4. Применение Causal Mask к матрице scores</b><br><br><p>Логиты $\begin{pmatrix} 2.0 & 5.0 \\ 1.0 & 3.0 \end{pmatrix}$. Примените Causal Mask и вычислите веса Softmax.</p>	<p>Маска: $M = \begin{pmatrix} 2.0 & -\infty \\ 1.0 & 3.0 \end{pmatrix}$.<br> Softmax: строка 1 $\implies [1.0, \, 0.0]$, строка 2 $\implies \left[\frac{e^1}{e^1+e^3}, \frac{e^3}{e^1+e^3}\right] \approx [0.119, \, 0.881]$.<br> $$ A = \begin{pmatrix} 1.000 & 0.000 \\ 0.119 & 0.881 \end{pmatrix} $$</p>	AI_Course Block_C Microtask Ticket_17
<b>[Билет 16: Внимание и самовнимание (Q, K, V, маски)] Задача 5. Размерность тензоров при Multi-Head Reshape</b><br><br><p>Тензор $Q$ формы $(B=2, T=4, d=512)$, $h=8$ голов. Каковы формы после `.view()` и `.transpose(1, 2)`?</p>	<p>1. `.view(B, T, h, d_k)`: $(2, 4, 8, 64)$.<br> 2. `.transpose(1, 2)`: $\mathbf{(B, h, T, d_k) = (2, 8, 4, 64)}$.</p>	AI_Course Block_C Microtask Ticket_17
<b>[Билет 16: Внимание и самовнимание (Q, K, V, маски)] Задача 6. Внимание к самому себе (Self-Focus)</b><br><br><p>$q_1 \cdot k_1 = 4.0$, остальные $q_1 \cdot k_j = 0.0$. Найдите вес $\alpha_1$ при $d_k=4$ и $T=4$.</p>	<p>Логиты: $z_1 = 4/2 = 2.0$, $z_{2,3,4} = 0.0$. Экспоненты: $e^2 \approx 7.389$, $e^0 = 1.0$. Сумма $= 10.389$.<br> $\alpha_1 = \frac{7.389}{10.389} \approx \mathbf{0.711} \quad (71.1\%)$.</p>	AI_Course Block_C Microtask Ticket_17
<b>[Билет 17: LSTM vs Трансформер] Задача 1. Расчёт памяти KV-кэша в Трансформере</b><br><br><p>$L=32, h=32, d_k=128, T=4096$, float16 (2 байта). Сколько ГБ занимает KV-кэш для $B=1$?</p>	<p>$\text{Память} = 2 \times 32 \times 32 \times 128 \times 4096 \times 2 = 2\,147\,483\,648 \text{ Б} = \mathbf{2.0 \text{ ГБ}}$.<br> (Для сравнения: состояние LSTM заняло бы всего $\approx 256$ КБ).</p>	AI_Course Block_C Microtask Ticket_18
<b>[Билет 17: LSTM vs Трансформер] Задача 2. Сравнение числа FLOPs при $T d$</b><br><br><p>$d=1024$. Рассчитайте FLOPs для LSTM ($8 T d^2$) и Attention ($4 T d^2 + 2 T^2 d$) при: (а) $T=128$; (б) $T=8192$.</p>	<p>(а) $T=128$: LSTM $\approx \mathbf{1.07 \text{ GFLOPs}}$, Attention $\approx \mathbf{0.57 \text{ GFLOPs}}$ (Attention в 2 раза легче).<br> (б) $T=8192$: LSTM $\approx \mathbf{68.7 \text{ GFLOPs}}$, Attention $\approx \mathbf{171.8 \text{ GFLOPs}}$ (Attention в 2.5 раза тяжелее).</p>	AI_Course Block_C Microtask Ticket_18
<b>[Билет 17: LSTM vs Трансформер] Задача 3. Максимальная длина пути градиента</b><br><br><p>Длина $T=500$. Посчитайте число переходов между токеном 1 и токеном 500 в: (а) 1-слойной LSTM; (б) 6-слойном Transformer.</p>	<p>(а) LSTM: 499 временных шагов $\implies \mathbf{O(T) = 499}$.<br> (б) 6-слойный Transformer: ровно 6 слоёв внимания $\implies \mathbf{O(L) = 6}$ (не зависит от $T$).</p>	AI_Course Block_C Microtask Ticket_18
<b>[Билет 17: LSTM vs Трансформер] Задача 4. Индуктивное смещение на малой выборке</b><br><br><p>Датасет из 200 рядов по 30 точек. Модель A — LSTM (10k параметров), модель B — Transformer (10k параметров). Какая переобучится сильнее?</p>	<p><strong>Модель B (Transformer)</strong> переобучится сильнее, так как не имеет встроенных марковских ограничений на порядок времени, выступающих регуляризатором.</p>	AI_Course Block_C Microtask Ticket_18
<b>[Билет 17: LSTM vs Трансформер] Задача 5. Пропускная способность при инференсе</b><br><br><p>LSTM тратит 0.1 мс на токен. Трансформер тратит $0.05 + 0.0001 \cdot t$ мс. На каком шаге $t$ инференс Трансформера станет медленнее?</p>	<p>$0.05 + 0.0001 \cdot t = 0.1 \implies 0.0001 \cdot t = 0.05 \implies t = \mathbf{500}$ токенов.</p>	AI_Course Block_C Microtask Ticket_18
<b>[Билет 17: LSTM vs Трансформер] Задача 6. Масштабируемость параметров (Scaling Laws)</b><br><br><p>Почему при росте параметров со 100M до 100B качество LSTM насыщается, а у Трансформеров подчиняется Scaling Laws?</p>	<p>В LSTM остаётся бутылочное горлышко сжатия истории в вектор $h_t$ и затухание градиента. В Трансформере рост параметров прямо увеличивает ёмкость прямого попарного взаимодействия токенов.</p>	AI_Course Block_C Microtask Ticket_18
<b>[Билет 18: Тексты, токенизация, Word2Vec] Задача 1. Расчёт косинусного сходства (Cosine Similarity)</b><br><br><p>$\vec{v}(\text{кот}) = [1, 2], \vec{v}(\text{пёс}) = [2, 4], \vec{v}(\text{дом}) = [-2, 1]$. Найдите $\cos$ для пар «кот-пёс» и «кот-дом».</p>	<p>1. «кот-пёс»: $\frac{1(2) + 2(4)}{\sqrt{5} \cdot \sqrt{20}} = \frac{10}{10} = \mathbf{1.0}$ (коллинеарны).<br> 2. «кот-дом»: $\frac{1(-2) + 2(1)}{\sqrt{5}\sqrt{5}} = \frac{0}{5} = \mathbf{0.0}$ (ортогональны).</p>	AI_Course Block_C Microtask Ticket_19
<b>[Билет 18: Тексты, токенизация, Word2Vec] Задача 2. Ручной шаг алгоритма BPE</b><br><br><p>Корпус: <code>{"н и з к и й &lt;/w&gt;": 5, "н и з о к &lt;/w&gt;": 2, "в ы с о к и й &lt;/w&gt;": 3}</code>. Какая пара объединится первой?</p>	<p>Частоты пар: <code>(н, и)</code>: 7, <code>(и, з)</code>: 7, <code>(к, и)</code>: 8, <code>(и, й)</code>: 8, <code>(й, &lt;/w&gt;)</code>: 8. При равенстве максимума (8) выбирается первая пара <code>(к, и)</code> $\to$ токен <code>ки</code>.</p>	AI_Course Block_C Microtask Ticket_19
<b>[Билет 18: Тексты, токенизация, Word2Vec] Задача 3. Подсчёт обучающих пар в Skip-Gram</b><br><br><p>Фраза из 6 слов, окно $c=2$. Сколько обучающих пар $(w_I, w_O)$ сформируется с учётом краёв?</p>	<p>Позиции: слово 1 (2 соседа) + сл. 2 (3) + сл. 3 (4) + сл. 4 (4) + сл. 5 (3) + сл. 6 (2) = $\mathbf{18 \text{ пар}}$.</p>	AI_Course Block_C Microtask Ticket_19
<b>[Билет 18: Тексты, токенизация, Word2Vec] Задача 4. Подсчёт параметров Word2Vec</b><br><br><p>$|V| = 100\,000, d = 300$. Сколько суммарно параметров в матрицах $W$ и $W'$?</p>	<p>$W: 100\,000 \times 300 = 30 \text{ млн}$, $W': 30 \text{ млн}$. Итого: $\mathbf{60 \text{ млн параметров}}$ ($\approx 240$ МБ в float32).</p>	AI_Course Block_C Microtask Ticket_19
<b>[Билет 18: Тексты, токенизация, Word2Vec] Задача 5. Расчёт вероятности Negative Sampling со степенью 0.75</b><br><br><p>Слово A встретилось $10\,000$ раз, слово B — $16$ раз. Во сколько раз изменится отношение частот после степени $0.75$?</p>	<p>До: $\frac{10000}{16} = 625$. После: $\frac{10000^{0.75}}{16^{0.75}} = \frac{1000}{8} = 125$. Шанс выбора редкого слова B вырос в $\frac{625}{125} = \mathbf{5 \text{ раз}}$.</p>	AI_Course Block_C Microtask Ticket_19
<b>[Билет 18: Тексты, токенизация, Word2Vec] Задача 6. Векторная семантическая аналогия</b><br><br><p>$\vec{v}(\text{Франция}) = [2, 1], \vec{v}(\text{Париж}) = [2, 3], \vec{v}(\text{Германия}) = [5, 1]$. Найдите $X = \text{Париж} - \text{Франция} + \text{Германия}$.</p>	<p>$\vec{v}(X) = [2, 3] - [2, 1] + [5, 1] = [0, 2] + [5, 1] = \mathbf{[5, 3]}$ (соответствует слову <strong>«Берлин»</strong>).</p>	AI_Course Block_C Microtask Ticket_19
<b>[Билет 19: Машинный перевод, BLEU] Задача 1. Расчёт Перплексии по потерям NLL</b><br><br><p>Кросс-энтропия $\text{NLL} = 2.3026$. Найдите значение Перплексии.</p>	<p>$\text{PPL} = \exp(2.3026) = e^{2.3026} \approx \mathbf{10.0}$ (модель сомневается между 10 равновероятными словами).</p>	AI_Course Block_C Microtask Ticket_20
<b>[Билет 19: Машинный перевод, BLEU] Задача 2. Расчёт Brevity Penalty</b><br><br><p>Эталон $r = 20$, перевод $c = 15$. Рассчитайте Brevity Penalty.</p>	<p>Так как $c < r$: $\text{BP} = \exp(1 - 20/15) = \exp(-0.3333) \approx \mathbf{0.7165}$.</p>	AI_Course Block_C Microtask Ticket_20
<b>[Билет 19: Машинный перевод, BLEU] Задача 3. Ручной расчёт ядра Top-p (Nucleus) пула</b><br><br><p>Вероятности: $w_1: 0.50, w_2: 0.25, w_3: 0.15, w_4: 0.07, w_5: 0.03$. Порог $p = 0.85$. Какие токены войдут в ядро?</p>	<p>Сумма: $w_1 (0.50) + w_2 (0.25) + w_3 (0.15) = 0.90 \ge 0.85$. В ядро войдут <strong>$\{w_1, w_2, w_3\}$</strong>.</p>	AI_Course Block_C Microtask Ticket_20
<b>[Билет 19: Машинный перевод, BLEU] Задача 4. Влияние температуры на распределение вероятностей</b><br><br><p>Логиты $z_1 = 4.0, z_2 = 2.0$. Найдите $P(w_1)$ при: (а) $T=1.0$; (б) $T=2.0$.</p>	<p>(а) $T=1.0$: $\frac{e^4}{e^4+e^2} = \frac{54.598}{61.987} \approx \mathbf{0.8808} \quad (88.1\%)$.<br> (б) $T=2.0$: логиты $2.0, 1.0 \implies \frac{e^2}{e^2+e^1} = \frac{7.389}{10.107} \approx \mathbf{0.7311} \quad (73.1\%)$.</p>	AI_Course Block_C Microtask Ticket_20
<b>[Билет 19: Машинный перевод, BLEU] Задача 5. Геометрическое зануление в BLEU-4</b><br><br><p>Точности: $p_1 = 0.8, p_2 = 0.6, p_3 = 0.4, p_4 = 0.0$. Чему равен скор BLEU-4?</p>	<p>$\text{BLEU-4} = \text{BP} \cdot (0.8 \cdot 0.6 \cdot 0.4 \cdot 0.0)^{1/4} = \mathbf{0.0}$ (при $p_4=0$ геометрическое среднее обнуляет весь скор).</p>	AI_Course Block_C Microtask Ticket_20
<b>[Билет 19: Машинный перевод, BLEU] Задача 6. Сравнение Beam Search с шириной B=1 и B=4</b><br><br><p>Длина $T = 50$ токенов. Сколько вызовов декодера потребуется при $B=1$ и $B=4$?</p>	<p>1. $B=1$ (Greedy): $1 \times 50 = \mathbf{50 \text{ вызовов}}$.<br> 2. $B=4$ (Beam Search): $4 \times 50 = \mathbf{200 \text{ вызовов}}$.</p>	AI_Course Block_C Microtask Ticket_20
<b>[Билет 20: Архитектуры Энкодер, Декодер, Энкодер-Декодер] Задача 1. Расчёт числа обучаемых параметров в LoRA</b><br><br><p>$W \in \mathbb{R}^{4096 \times 4096}$, ранг $r = 8$. Сколько параметров содержат матрицы $A$ и $B$? Во сколько раз это меньше полного слоя?</p>	<p>Базовый слой: $4096 \times 4096 = 16\,777\,216$. LoRA: $4096 \times 8 + 8 \times 4096 = \mathbf{65\,536}$. Сжатие: $\frac{16\,777\,216}{65\,536} = \mathbf{256 \text{ раз}}$ (на 99.61%).</p>	AI_Course Block_C Microtask Ticket_21
<b>[Билет 20: Архитектуры Энкодер, Декодер, Энкодер-Декодер] Задача 2. Расчёт маскирования токенов в BERT (MLM)</b><br><br><p>100 токенов во фразе. Сколько токенов выберется для MLM? Распределите их по схеме 80/10/10.</p>	<p>15% от 100 = $\mathbf{15 \text{ токенов}}$. Из них: 80% (`[MASK]`) = $\mathbf{12}$, 10% (случайное) = $\mathbf{1\text{--}2}$, 10% (неизменные) = $\mathbf{1\text{--}2}$.</p>	AI_Course Block_C Microtask Ticket_21
<b>[Билет 20: Архитектуры Энкодер, Декодер, Энкодер-Декодер] Задача 3. Память оптимизатора Adam: полный FT vs LoRA</b><br><br><p>Модель 7B параметров. Adam хранит 8 байт на обучаемый вес. Сколько VRAM займёт Adam при полном FT и при LoRA (0.1% параметров)?</p>	<p>1. Полный FT: $7 \times 10^9 \times 8 \text{ Б} = \mathbf{56 \text{ ГБ VRAM}}$.<br> 2. LoRA (7M весов): $7 \times 10^6 \times 8 \text{ Б} = \mathbf{56 \text{ МБ VRAM}}$ (в 1000 раз меньше!).</p>	AI_Course Block_C Microtask Ticket_21
<b>[Билет 20: Архитектуры Энкодер, Декодер, Энкодер-Декодер] Задача 4. Определение типа маски внимания по архитектуре</b><br><br><p>Какие из моделей (BERT, GPT-3, Энкодер T5) используют причинную каузальную маску?</p>	<p>Каузальную маску использует <strong>исключительно GPT-3</strong> (Decoder-only). BERT и энкодер T5 используют полное двунаправленное внимание.</p>	AI_Course Block_C Microtask Ticket_21
<b>[Билет 20: Архитектуры Энкодер, Декодер, Энкодер-Декодер] Задача 5. Подсчёт длины генерации Span Corruption в T5</b><br><br><p>Текст $T=1000$ токенов. Вырезано 50 спанов по 3 слова (150 слов). Какова длина генерации декодера T5?</p>	<p>50 маркеров-стражей + 150 слов = $\mathbf{200 \text{ токенов}}$ (ускоряет обучение декодера в 5 раз).</p>	AI_Course Block_C Microtask Ticket_21
<b>[Билет 20: Архитектуры Энкодер, Декодер, Энкодер-Декодер] Задача 6. Объединение весов LoRA с базовой моделью</b><br><br><p>$W_0 \in \mathbb{R}^{4 \times 4}$, $A \in \mathbb{R}^{4 \times 1}, B \in \mathbb{R}^{1 \times 4}$, масштабирование $1.0$. Как получить единую матрицу весов?</p>	<p>$$ W_{\text{merged}} = W_0 + (A \cdot B) \in \mathbb{R}^{4 \times 4} $$ Итоговая матрица сохраняет исходный размер $4 \times 4$ без накладных расходов при инференсе.</p>	AI_Course Block_C Microtask Ticket_21
<b>[Билет 21: RL: Строение агента, MDP] Задача 1. Расчёт дисконтированного дохода конечной траектории</b><br><br><p>Награды: $R_1 = +1, R_2 = +2, R_3 = +4, R_4 = +10$ при $\gamma = 0.5$. Вычислите $G_0$.</p>	<p>По формуле $G_0 = \sum_{k=0}^3 \gamma^k R_{k+1}$:</p> <div class="math-scroll-wrapper"> $$ G_0 = 1 \cdot 1 + 2 \cdot 0.5 + 4 \cdot 0.25 + 10 \cdot 0.125 = 1 + 1 + 1 + 1.25 = 4.25 $$	AI_Course Block_D Microtask Ticket_22
<b>[Билет 21: RL: Строение агента, MDP] Задача 2. Теоретический предел бесконечного дохода</b><br><br><p>Постоянная награда $R_t = +5$ при $\gamma = 0.95$. Чему равен суммарный доход $G_t$?</p>	<p>Сумма прогрессии:</p> <div class="math-scroll-wrapper"> $$ G_t = \sum_{k=0}^\infty \gamma^k R = \frac{R}{1 - \gamma} = \frac{5}{1 - 0.95} = \frac{5}{0.05} = 100.0 $$	AI_Course Block_D Microtask Ticket_22
<b>[Билет 21: RL: Строение агента, MDP] Задача 3. Расчёт вероятностей при $\epsilon$-Greedy стратегии</b><br><br><p>В MDP 4 действия $\mathcal{A}=\{a_1, a_2, a_3, a_4\}$ с $Q = [5.0, 8.0, 2.0, 6.0]$ при $\epsilon = 0.2$. Найдите $\pi(a \mid s)$.</p>	<p>Жадное действие $a^* = a_2$ ($Q = 8.0 = \max$), $|\mathcal{A}| = 4$:</p> <ul> <li>Нежадные ($a_1, a_3, a_4$): $\pi(a \mid s) = \frac{\epsilon}{|\mathcal{A}|} = \frac{0.2}{4} = 0.05$.</li> <li>Жадное ($a_2$): $\pi(a_2 \mid s) = 1 - \epsilon + \frac{\epsilon}{|\mathcal{A}|} = 1 - 0.2 + 0.05 = 0.85$.</li> </ul> <p><strong>Ответ:</strong> $\pi(a_2|s) = 0.85$, для $a_1, a_3, a_4$: $\pi = 0.05$.</p>	AI_Course Block_D Microtask Ticket_22
<b>[Билет 21: RL: Строение агента, MDP] Задача 4. Связь между $V(s)$ и $Q(s, a)$</b><br><br><p>В состоянии $s$ вероятности $\pi = [0.3, 0.5, 0.2]$ и $Q = [10, 4, -5]$. Чему равно $V^\pi(s)$?</p>	<p>Вычисляем математическое ожидание:</p> <div class="math-scroll-wrapper"> $$ V^\pi(s) = \sum_{i=1}^3 \pi(a_i \mid s) Q^\pi(s, a_i) = 0.3 \cdot 10 + 0.5 \cdot 4 + 0.2 \cdot (-5) = 3.0 + 2.0 - 1.0 = 4.0 $$	AI_Course Block_D Microtask Ticket_22
<b>[Билет 21: RL: Строение агента, MDP] Задача 5. Расчёт Softmax (Boltzmann) стратегии</b><br><br><p>В состоянии $s$ два действия: $Q(s, a_1) = 2.0$, $Q(s, a_2) = 1.0$ при $\tau = 1.0$. Найдите $\pi(a_1 \mid s)$ и $\pi(a_2 \mid s)$ ($e \approx 2.7183, e^2 \approx 7.3891$).</p>	<p>Экспоненты: $\exp(2.0) \approx 7.3891, \exp(1.0) \approx 2.7183$, сумма $\sum = 10.1074$.</p> <div class="math-scroll-wrapper"> $$ \pi(a_1 \mid s) = \frac{7.3891}{10.1074} \approx 0.7311, \quad \pi(a_2 \mid s) = \frac{2.7183}{10.1074} \approx 0.2689 $$	AI_Course Block_D Microtask Ticket_22
<b>[Билет 21: RL: Строение агента, MDP] Задача 6. Влияние сдвига наград на функцию ценности</b><br><br><p>Награды сдвинуты: $R'_{t+1} = R_{t+1} + c$. Как изменится $V^\pi(s)$ при бесконечном горизонте с фактором $\gamma$?</p>	<p>Раскладываем доход $G'_t$:</p> <div class="math-scroll-wrapper"> $$ G'_t = \sum_{k=0}^\infty \gamma^k (R_{t+k+1} + c) = G_t + c \sum_{k=0}^\infty \gamma^k = G_t + \frac{c}{1 - \gamma} $$	AI_Course Block_D Microtask Ticket_22
<b>[Билет 22 (ч.1): Уравнение Беллмана] Задача 1. Расчёт Беллмановского обновления для $V(s)$</b><br><br><p>В $s$ стратегия $\pi = [0.6, 0.4]$. $a_1 \to s_1$ ($R=2, V=10$), $a_2 \to s_2$ ($R=5, V=2$). Дисконт $\gamma = 0.8$. Вычислите $V^\pi(s)$.</p>	<p>$Q(s, a_1) = 2 + 0.8 \cdot 10 = 10.0$, $Q(s, a_2) = 5 + 0.8 \cdot 2 = 6.6$.</p> <div class="math-scroll-wrapper"> $$ V^\pi(s) = 0.6 \cdot 10.0 + 0.4 \cdot 6.6 = 6.0 + 2.64 = 8.64 $$	AI_Course Block_D Microtask Ticket_23
<b>[Билет 22 (ч.1): Уравнение Беллмана] Задача 2. Расчёт Беллмановского обновления для $V^*(s)$</b><br><br><p>Для условий Задачи 1 вычислите оптимальное $V^*(s)$ и действие $a^*$.</p>	<p>По уравнению оптимальности Беллмана $V^*(s) = \max(Q(s, a_1), Q(s, a_2)) = \max(10.0, 6.6) = 10.0$. Оптимальное действие $a^* = a_1$.</p> <p><strong>Ответ:</strong> $V^*(s) = 10.0, a^* = a_1$.</p>	AI_Course Block_D Microtask Ticket_23
<b>[Билет 22 (ч.1): Уравнение Беллмана] Задача 3. Стохастический переход в $Q(s, a)$</b><br><br><p>Действие $a$: переход в $s'_1$ ($R=10, V=20$) с вер. $0.7$, в $s'_2$ ($R=-5, V=5$) с вер. $0.3$. При $\gamma = 0.9$ найдите $Q(s, a)$.</p>	<div class="math-scroll-wrapper"> $$ Q(s, a) = 0.7 \cdot [10 + 0.9 \cdot 20] + 0.3 \cdot [-5 + 0.9 \cdot 5] = 0.7 \cdot 28.0 + 0.3 \cdot (-0.5) = 19.6 - 0.15 = 19.45 $$	AI_Course Block_D Microtask Ticket_23
<b>[Билет 22 (ч.1): Уравнение Беллмана] Задача 4. Оценка числа итераций по теореме Банаха</b><br><br><p>$\|V_0 - V^*\|_\infty = 100$, $\gamma = 0.5$. Сколько итераций нужно для достижения погрешности $\|V_k - V^*\|_\infty < 0.1$?</p>	<p>$(0.5)^k \cdot 100 < 0.1 \implies (0.5)^k < 10^{-3} = \frac{1}{1000}$. Так как $2^{10} = 1024 > 1000 \implies k = 10$.</p> <p><strong>Ответ:</strong> 10 итераций.</p>	AI_Course Block_D Microtask Ticket_23
<b>[Билет 22 (ч.1): Уравнение Беллмана] Задача 5. Аналитическое матричное решение для 1-состоятельного MDP</b><br><br><p>В MDP с одним состоянием $s$: $R=4, \mathcal{P}=1.0, \gamma = 0.8$. Найдите $V^\pi(s) = (I - \gamma \mathcal{P})^{-1} \mathcal{R}$.</p>	<div class="math-scroll-wrapper"> $$ V^\pi = (1 - 0.8 \cdot 1)^{-1} \cdot 4 = \frac{4}{0.2} = 20.0 $$	AI_Course Block_D Microtask Ticket_23
<b>[Билет 22 (ч.1): Уравнение Беллмана] Задача 6. Сравнение жадных действий по $Q$-функции</b><br><br><p>В $s$ три действия с $Q = [7.2, 7.8, 6.9]$. Найдите разность $V^*(s) - V^{\text{uniform}}(s)$.</p>	<p>$V^*(s) = \max(7.2, 7.8, 6.9) = 7.8$. $V^{\text{uniform}}(s) = \frac{7.2 + 7.8 + 6.9}{3} = 7.3$. Разность: $7.8 - 7.3 = 0.5$.</p> <p><strong>Ответ:</strong> $0.5$.</p>	AI_Course Block_D Microtask Ticket_23
<b>[Билет 22 (ч.2): Value/Policy Iteration, Монте-Карло] Задача 1. Расчёт шага Policy Evaluation для 2 состояний</b><br><br><p>$S_1 \to S_2$ ($R=4$), $S_2 \to S_1$ ($R=2$) при $\gamma = 0.5, V_0 = [0, 0]$. Вычислите $V_1$ и $V_2$.</p>	<p>$V_1(S_1) = 4 + 0.5(0) = 4.0$, $V_1(S_2) = 2 + 0.5(0) = 2.0$.</p> <p>$V_2(S_1) = 4 + 0.5(2.0) = 5.0$, $V_2(S_2) = 2 + 0.5(4.0) = 4.0$.</p> <p><strong>Ответ:</strong> $V_1 = (4.0, 2.0), V_2 = (5.0, 4.0)$.</p>	AI_Course Block_D Microtask Ticket_24
<b>[Билет 22 (ч.2): Value/Policy Iteration, Монте-Карло] Задача 2. Точная сходимость Policy Evaluation аналитически</b><br><br><p>Для системы из Задачи 1 найдите предельные $V^\pi(S_1)$ и $V^\pi(S_2)$.</p>	<div class="math-scroll-wrapper"> $$ V(S_1) = 4 + 0.5(2 + 0.5 V(S_1)) = 5 + 0.25 V(S_1) \implies 0.75 V(S_1) = 5 \implies V(S_1) = \frac{20}{3} \approx 6.67 $$ $$ V(S_2) = 2 + 0.5(20/3) = \frac{16}{3} \approx 5.33 $$	AI_Course Block_D Microtask Ticket_24
<b>[Билет 22 (ч.2): Value/Policy Iteration, Монте-Карло] Задача 3. Расчёт шага улучшения стратегии (Policy Improvement)</b><br><br><p>$V(s_1) = 10.0, V(s_2) = 20.0, \gamma = 0.9$. $a_1 \to s_1$ ($R=5$), $a_2 \to s_2$ ($R=1$). Какое действие выберет улучшение стратегии?</p>	<p>$Q(s, a_1) = 5 + 0.9 \cdot 10.0 = 14.0$. $Q(s, a_2) = 1 + 0.9 \cdot 20.0 = 19.0$. Так как $19.0 > 14.0$, выбирается $a_2$.</p> <p><strong>Ответ:</strong> $\pi_{\text{new}}(s) = a_2$ с $Q = 19.0$.</p>	AI_Course Block_D Microtask Ticket_24
<b>[Билет 22 (ч.2): Value/Policy Iteration, Монте-Карло] Задача 4. First-Visit MC vs Every-Visit MC на зацикленном эпизоде</b><br><br><p>Эпизод: $S_1$ встретилось на $t=0, 1, 2$ с $R_1=1, R_2=1, R_3=1, R_4=10$ ($\gamma = 1.0$). Найдите сэмплы First-Visit и Every-Visit.</p>	<p>$G_0 = 13.0, G_1 = 12.0, G_2 = 11.0$. First-Visit: $G = 13.0$. Every-Visit: среднее $\frac{13+12+11}{3} = 12.0$.</p> <p><strong>Ответ:</strong> First-Visit: 13.0; Every-Visit: 12.0.</p>	AI_Course Block_D Microtask Ticket_24
<b>[Билет 22 (ч.2): Value/Policy Iteration, Монте-Карло] Задача 5. Расчёт веса Importance Sampling Ratio</b><br><br><p>$\pi(a_1|S_0)=0.8, \pi(a_1|S_1)=0.9$, $b(a_1|S_0)=0.5, b(a_1|S_1)=0.5$. Для траектории $(a_1, a_1)$ с $G_0 = 10.0$ найдите $\rho_{0:1} G_0$.</p>	<div class="math-scroll-wrapper"> $$ \rho_{0:1} = \frac{0.8}{0.5} \cdot \frac{0.9}{0.5} = 1.6 \cdot 1.8 = 2.88 \implies \rho G_0 = 2.88 \cdot 10.0 = 28.8 $$	AI_Course Block_D Microtask Ticket_24
<b>[Билет 22 (ч.2): Value/Policy Iteration, Монте-Карло] Задача 6. Инкрементное среднее Monte Carlo</b><br><br><p>$V(s) = 20.0, N(s) = 4$. Пришёл доход $G = 30.0$. Обновите $V(s) \leftarrow V + \frac{1}{N}(G - V)$.</p>	<div class="math-scroll-wrapper"> $$ N' = 5 \implies V(s) \leftarrow 20.0 + \frac{1}{5}(30.0 - 20.0) = 20.0 + 2.0 = 22.0 $$	AI_Course Block_D Microtask Ticket_24
<b>[Билет 23: TD-обучение, SARSA, Q-learning] Задача 1. Расчёт ошибки TD(0) для ценности состояния</b><br><br><p>$V(S_t) = 15.0, R_{t+1} = 3.0, V(S_{t+1}) = 12.0$ при $\gamma = 0.9, \alpha = 0.2$. Вычислите $\delta_t$ и новое $V(S_t)$.</p>	<p>Таргет: $y = 3.0 + 0.9 \cdot 12.0 = 13.8$. Ошибка: $\delta = 13.8 - 15.0 = -1.2$.</p> <p>Обновление: $V(S_t) \leftarrow 15.0 + 0.2 \cdot (-1.2) = 14.76$.</p> <p><strong>Ответ:</strong> $\delta_t = -1.2, V(S_t) = 14.76$.</p>	AI_Course Block_D Microtask Ticket_25
<b>[Билет 23: TD-обучение, SARSA, Q-learning] Задача 2. Обновление Q-learning со штрафом</b><br><br><p>В $s_0$ $Q(s_0, a)=2.0$. $R=-10.0$. В $s_{\text{pit}}$ оценки $Q = [0.0, 1.0]$. При $\gamma = 0.9, \alpha = 0.5$ найдите новое $Q(s_0, a)$.</p>	<p>$\text{Target} = -10.0 + 0.9 \cdot 1.0 = -9.1$. $\delta = -9.1 - 2.0 = -11.1$.</p> <p>$Q_{\text{new}} = 2.0 + 0.5 \cdot (-11.1) = -3.55$.</p> <p><strong>Ответ:</strong> $Q_{\text{new}} = -3.55$.</p>	AI_Course Block_D Microtask Ticket_25
<b>[Билет 23: TD-обучение, SARSA, Q-learning] Задача 3. Расчёт таргета Double DQN</b><br><br><p>$Q(s'; \theta) = [4.2, 5.8, 3.1]$, $Q(s'; \theta^-) = [4.5, 3.9, 3.4]$. $R = 2.0, \gamma = 0.9, d=0$. Найдите таргеты Double DQN и DQN.</p>	<p>Double DQN: $a^* = \arg\max Q(\theta) = a_2 \implies y = 2.0 + 0.9 \cdot 3.9 = 5.51$.</p> <p>Стандартный DQN: $y = 2.0 + 0.9 \cdot \max Q(\theta^-) = 2.0 + 0.9 \cdot 4.5 = 6.05$.</p> <p><strong>Ответ:</strong> Double DQN: 5.51; DQN: 6.05.</p>	AI_Course Block_D Microtask Ticket_25
<b>[Билет 23: TD-обучение, SARSA, Q-learning] Задача 4. Влияние терминального флага done в DQN</b><br><br><p>$R = 10.0, \gamma = 0.9, \max Q(s') = 20.0$. Вычислите таргеты для $done=0$ и $done=1$.</p>	<p>$done=0 \implies y = 10.0 + 0.9 \cdot 20.0 = 28.0$. $done=1 \implies y = 10.0 + 0 = 10.0$.</p> <p><strong>Ответ:</strong> $y_1 = 28.0, y_2 = 10.0$.</p>	AI_Course Block_D Microtask Ticket_25
<b>[Билет 23: TD-обучение, SARSA, Q-learning] Задача 5. Расчёт градиента функции потерь DQN</b><br><br><p>$Q(s, a; \theta) = 4.0, y = 6.0$. Для $\mathcal{L} = (y - Q)^2$ найдите $\frac{\partial \mathcal{L}}{\partial Q}$.</p>	<p>$\frac{\partial \mathcal{L}}{\partial Q} = 2(Q - y) = 2(4.0 - 6.0) = -4.0$.</p> <p><strong>Ответ:</strong> $-4.0$.</p>	AI_Course Block_D Microtask Ticket_25
<b>[Билет 23: TD-обучение, SARSA, Q-learning] Задача 6. Сравнение шагов SARSA и Q-learning при стохастическом выборе</b><br><br><p>В $s_0$ $Q(s_0, a_1)=0, R=+1, \gamma=0.5, \alpha=1.0$. В $s_1$ $Q = [10.0, 2.0]$ с вероятностями $[0.8, 0.2]$. Найдите таргеты Q-Learning и Expected SARSA.</p>	<p>Q-Learning: $1 + 0.5 \cdot 10.0 = 6.0$. Expected SARSA: $1 + 0.5 \cdot (0.8 \cdot 10 + 0.2 \cdot 2) = 1 + 0.5 \cdot 8.4 = 5.2$.</p> <p><strong>Ответ:</strong> Q-Learning: 6.0; Expected SARSA: 5.2.</p>	AI_Course Block_D Microtask Ticket_25
<b>[Билет 24: Policy Gradient, REINFORCE] Задача 1. Градиент Softmax-стратегии для дискретного действия</b><br><br><p>Логиты $z = [1.0, 0.0]$, вероятности $\pi = [0.731, 0.269]$. Выбрано $a_1$. Найдите $\frac{\partial \log \pi(a_1)}{\partial z_1}$ и $\frac{\partial \log \pi(a_1)}{\partial z_2}$.</p>	<p>По своему логиту: $\frac{\partial \log \pi(a_1)}{\partial z_1} = 1 - \pi(a_1) = 1 - 0.731 = +0.269$.</p> <p>По чужому логиту: $\frac{\partial \log \pi(a_1)}{\partial z_2} = -\pi(a_2) = -0.269$.</p> <p><strong>Ответ:</strong> $+0.269$ и $-0.269$.</p>	AI_Course Block_D Microtask Ticket_26
<b>[Билет 24: Policy Gradient, REINFORCE] Задача 2. Обновление REINFORCE с Baseline</b><br><br><p>$\nabla_\theta \log \pi = [0.4, -0.2], G_t = 12.0, V(s) = 10.0, \alpha = 0.1$. Чему равен шаг $\Delta \theta$?</p>	<p>Преимущество: $\hat{A}_t = G_t - V(s) = 12.0 - 10.0 = 2.0$.</p> <div class="math-scroll-wrapper"> $$ \Delta \theta = 0.1 \cdot [0.4, -0.2] \cdot 2.0 = [0.08, -0.04] $$	AI_Course Block_D Microtask Ticket_26
<b>[Билет 24: Policy Gradient, REINFORCE] Задача 3. Отбор элитных сессий в методе Cross-Entropy (CEM)</b><br><br><p>Награды $J = [45, 12, 88, 60, 30], \rho = 0.4$ ($K = 2$ лучших). Найдите среднюю награду элиты.</p>	<p>Топ-2 награды: $88$ и $60$. Среднее: $\mu = \frac{88 + 60}{2} = 74.0$.</p> <p><strong>Ответ:</strong> $74.0$.</p>	AI_Course Block_D Microtask Ticket_26
<b>[Билет 24: Policy Gradient, REINFORCE] Задача 4. PPO Clipping при падении качества действия</b><br><br><p>$r_t(\theta) = 0.7, \hat{A}_t = -4.0, \epsilon = 0.2$. Вычислите $L^{\text{CLIP}}$.</p>	<p>Необрезанный: $0.7 \cdot (-4.0) = -2.8$. Обрезанный: $\text{clip}(0.7, 0.8, 1.2) \cdot (-4.0) = 0.8 \cdot (-4.0) = -3.2$.</p> <p>Минимум: $\min(-2.8, -3.2) = -3.2$.</p> <p><strong>Ответ:</strong> $L^{\text{CLIP}} = -3.2$.</p>	AI_Course Block_D Microtask Ticket_26
<b>[Билет 24: Policy Gradient, REINFORCE] Задача 5. Непрерывное 1D действие: градиент Гауссовой стратегии</b><br><br><p>$\mu_\theta(s) = \theta s, \sigma = 1.0, s = 2.0, a = 2.6$. Найдите $\frac{\partial \log \pi}{\partial \theta}$ при $\theta = 1.0$.</p>	<div class="math-scroll-wrapper"> $$ \frac{\partial \log \pi}{\partial \theta} = \frac{a - \theta s}{\sigma^2} \cdot s = \frac{2.6 - 2.0}{1.0^2} \cdot 2.0 = 0.6 \cdot 2.0 = 1.2 $$	AI_Course Block_D Microtask Ticket_26
<b>[Билет 24: Policy Gradient, REINFORCE] Задача 6. Расчет REINFORCE функции потерь в PyTorch</b><br><br><p>$\log \pi = [-0.5, -1.2], G = [10.0, -5.0]$. Найдите $\mathcal{L} = -\frac{1}{N} \sum \log \pi_i G_i$.</p>	<p>Сумма: $(-0.5)(10.0) + (-1.2)(-5.0) = -5.0 + 6.0 = +1.0$. Среднее со знаком минус: $\mathcal{L} = -\frac{1.0}{2} = -0.5$.</p> <p><strong>Ответ:</strong> $\mathcal{L} = -0.5$.</p>	AI_Course Block_D Microtask Ticket_26
<b>[Билет 25: Value-based vs Policy-based, Actor-Critic] Задача 1. Расчёт скалярного Advantage</b><br><br><p>$Q(s, a) = 8.4, V(s) = 6.0$. Чему равен Advantage $A(s, a)$ и как изменится вероятность действия?</p>	<div class="math-scroll-wrapper"> $$ A(s, a) = Q(s, a) - V(s) = 8.4 - 6.0 = +2.4 $$	AI_Course Block_D Microtask Ticket_27
<b>[Билет 25: Value-based vs Policy-based, Actor-Critic] Задача 2. Расчёт TD-ошибки Критика с терминальным флагом</b><br><br><p>$R_{t+1} = 10.0, done = 1, V(S_t) = 4.0, V(S_{t+1}) = 15.0, \gamma = 0.99$. Чему равна TD-ошибка $\delta_t$?</p>	<p>Таргет: $y = 10.0 + 0.99 \cdot (1 - 1) \cdot 15.0 = 10.0$. Ошибка: $\delta_t = 10.0 - 4.0 = +6.0$.</p> <p><strong>Ответ:</strong> $\delta_t = +6.0$.</p>	AI_Course Block_D Microtask Ticket_27
<b>[Билет 25: Value-based vs Policy-based, Actor-Critic] Задача 3. Расчёт GAE($\lambda=0$) vs GAE($\lambda=1$)</b><br><br><p>$\delta_0 = 2.0, \delta_1 = 4.0, \gamma = 0.5$. Найдите $\hat{A}_0$ при $\lambda = 0$ и $\lambda = 1$.</p>	<p>$\lambda = 0 \implies \hat{A}_0 = \delta_0 = 2.0$. $\lambda = 1 \implies \hat{A}_0 = 2.0 + 0.5 \cdot 4.0 = 4.0$.</p> <p><strong>Ответ:</strong> $\lambda=0 \implies 2.0; \quad \lambda=1 \implies 4.0$.</p>	AI_Course Block_D Microtask Ticket_27
<b>[Билет 25: Value-based vs Policy-based, Actor-Critic] Задача 4. Maximum Entropy целевая функция в SAC</b><br><br><p>$\pi = [0.5, 0.5], R = 5.0, \alpha = 2.0$. Найдите $R_{\text{soft}} = R + \alpha \mathcal{H}(\pi)$ ($\ln 2 \approx 0.6931$).</p>	<p>$\mathcal{H}(\pi) = -\sum 0.5 \ln 0.5 = \ln 2 \approx 0.6931$. $R_{\text{soft}} = 5.0 + 2.0 \cdot 0.6931 = 6.3862$.</p> <p><strong>Ответ:</strong> $R_{\text{soft}} \approx 6.3862$.</p>	AI_Course Block_D Microtask Ticket_27
<b>[Билет 25: Value-based vs Policy-based, Actor-Critic] Задача 5. Twin Q-Networks консервативный таргет в SAC</b><br><br><p>$Q_1(s', a') = 14.5, Q_2(s', a') = 11.2, R = 3.0, \gamma = 0.9$. Чему равен таргет $y = R + \gamma \min(Q_1, Q_2)$?</p>	<div class="math-scroll-wrapper"> $$ y = 3.0 + 0.9 \cdot \min(14.5, 11.2) = 3.0 + 0.9 \cdot 11.2 = 3.0 + 10.08 = 13.08 $$	AI_Course Block_D Microtask Ticket_27
<b>[Билет 25: Value-based vs Policy-based, Actor-Critic] Задача 6. Совокупная функция потерь Actor-Critic с регуляризацией энтропией</b><br><br><p>$\mathcal{L}_{\text{policy}} = -1.5, \mathcal{L}_{\text{value}} = 0.8, \mathcal{H} = 0.4, c_1 = 0.5, c_2 = 0.01$. Найдите $\mathcal{L} = \mathcal{L}_{\text{policy}} + c_1 \mathcal{L}_{\text{value}} - c_2 \mathcal{H}$.</p>	<div class="math-scroll-wrapper"> $$ \mathcal{L} = -1.5 + 0.5 \cdot 0.8 - 0.01 \cdot 0.4 = -1.5 + 0.4 - 0.004 = -1.104 $$	AI_Course Block_D Microtask Ticket_27
